max_depth,max_samples,min_samples_leaf,n_estimators,acc_0.50,acc_0.50_std,precision_0.50,precision_0.50_std,recall_0.50,recall_0.50_std,f1_0.50,f1_0.50_std,f0.5_0.50,f0.5_0.50_std,acc_0.60,acc_0.60_std,precision_0.60,precision_0.60_std,recall_0.60,recall_0.60_std,f1_0.60,f1_0.60_std,f0.5_0.60,f0.5_0.60_std,acc_0.75,acc_0.75_std,precision_0.75,precision_0.75_std,recall_0.75,recall_0.75_std,f1_0.75,f1_0.75_std,f0.5_0.75,f0.5_0.75_std
20.0,0.5,1,10,0.7684640709205706,0.019663833466800076,0.792553928866156,0.025568548821638972,0.7280925881511688,0.02451223855027925,0.7586911134163199,0.020635789208644933,0.7785811930908041,0.022387862042129805,0.7314226604338269,0.019076876845353478,0.9017286189150496,0.02008412823904118,0.51934008043037,0.03516847847538072,0.6585066779921794,0.031112396111360317,0.7853554266704859,0.024279229104447686,0.5989235076572439,0.010878825928213452,0.9689678792243062,0.014325072636268503,0.20426722821660323,0.020757776148811236,0.33697153270326047,0.028642386915163957,0.5528770290472595,0.03235388672524408
20.0,0.5,1,20,0.7807138222737956,0.01955765064806959,0.8093279849921489,0.025359463618794563,0.7352742415613132,0.027886298025928638,0.7701700981653883,0.02144811778061818,0.7930993584770503,0.022141995939969752,0.7362158738478961,0.021355928299642786,0.9251103695408872,0.01614221754001721,0.5137699384368257,0.03999886347741906,0.659900636727742,0.03568938608709652,0.7965792694048356,0.026106128129273945,0.5944344219797184,0.012507010906710577,0.9758506275300872,0.01467749869472881,0.19351065251278546,0.024009257857499782,0.32236934641057047,0.033574995348062756,0.5377837953520656,0.03855971668463358
20.0,0.5,1,50,0.7914137680383462,0.018884637383165852,0.828229605155874,0.025957210405234833,0.7363281253132132,0.029705668466914022,0.7791062393182873,0.021187236836134105,0.8077208296520325,0.021692984754285088,0.73820081654774,0.01974143780621427,0.9376075600603423,0.01450753401867944,0.5101580289498518,0.03738320026857216,0.6600981508519956,0.03370943988634142,0.8022447316761705,0.02453827531836075,0.5911177058962739,0.013465227261534329,0.9798748340051928,0.017436902081979965,0.18580307500987664,0.02506185391677512,0.3117406561980012,0.03576713195637588,0.5263678429659328,0.0426722045029961
20.0,0.5,1,100,0.7940854375983275,0.018785389581463453,0.8332478736460629,0.02602638307224778,0.7362519836980013,0.028322376589694734,0.7813264666718039,0.020840809187758453,0.8115511292136872,0.021778646850393782,0.738975582351157,0.02039736766165564,0.9417308906424859,0.015033210850252245,0.5093569796086903,0.03972104431757907,0.6602975386261557,0.03527352380209878,0.804087385211167,0.024928286904554904,0.5901012681256084,0.014095912210340249,0.9812582160258092,0.01761101996818453,0.18340508038221995,0.026095934705804322,0.30836682875419175,0.037456351010442306,0.5226170640018106,0.04515734386128263
20.0,0.5,1,200,0.7967703682519373,0.018328778491240396,0.8373699863417178,0.025475063677541522,0.7375236765848366,0.029020635234408152,0.7838280465424285,0.020667023023229758,0.8149689579898233,0.021185606002303257,0.7382464487587145,0.020080264052782078,0.9419294860674043,0.014971935859570807,0.5076143437907656,0.038078949411783775,0.6589862508417552,0.034228610639602614,0.8034575956196731,0.02480330683162142,0.5889852341153234,0.012940759929648386,0.9801267112971536,0.015595317265590483,0.18139768270349169,0.024063188621254165,0.30555156335181677,0.03460091391711942,0.5193406915868414,0.04178629521271927
20.0,0.5,2,10,0.7736892645505679,0.020287668981501816,0.8023419565870803,0.02856824923751964,0.7276543819069576,0.02773183477455275,0.7627120825626865,0.02129684864380953,0.7858776547648452,0.02368758573611829,0.733257028756114,0.021656943820183776,0.9059869341475004,0.022330813616000415,0.5203497533586239,0.03914988465242086,0.6603319733076576,0.03520428100520989,0.7882590204951632,0.027688078844595444,0.6022471098964468,0.01156638231122145,0.9724536456631852,0.012345101729065541,0.2102755477059234,0.021840712545868102,0.3453220143385631,0.030153410117934702,0.5624827713381255,0.034141276121909495
20.0,0.5,2,20,0.7848955275812257,0.021231584841590906,0.8171394703148037,0.029222720612136252,0.7352402946902287,0.029311158217554173,0.7735741945458301,0.02274763857199484,0.7990112702808441,0.024670923335627516,0.7384175877326271,0.02099765346219718,0.9244898952261668,0.015742384782485516,0.5191098067869587,0.041129641154555155,0.6640207942204077,0.035757885795236935,0.7986384163788224,0.02510193294411499,0.5983254858031561,0.012596361112028389,0.9786909408373786,0.01242190934012308,0.20082717547217643,0.023824482580071252,0.33270044040794644,0.03334250479858473,0.5498320431246675,0.0384426657303872
20.0,0.5,2,50,0.791762217342591,0.020022519327437864,0.8289704449930207,0.025838141532902297,0.736001803691103,0.031322372757342405,0.779279825337864,0.022818998930513916,0.8082266487396204,0.022455389243028877,0.7413006253221072,0.021990876263385722,0.9394537818570059,0.01453396580737428,0.5156405963325847,0.0425727030227865,0.6649166845567003,0.037592213185321355,0.8057786216331904,0.02633062377686464,0.5936222310340737,0.012530558574098936,0.9820294698990016,0.013378781341062178,0.19053398760657883,0.023654971549098805,0.31857394748029744,0.033555207006811145,0.534657751484365,0.03952529726721434
20.0,0.5,2,100,0.7943305427447587,0.019723804308776436,0.8322899129806917,0.02546634233794501,0.7380812877191741,0.033029472350336896,0.7818399125083405,0.022921366903292426,0.8111997061249037,0.02186887571970874,0.7416766733473501,0.022424067792450923,0.9424715016196208,0.015520673166106962,0.5144871170756,0.0421709292488075,0.6647728883915281,0.03789969678656774,0.8070581143234967,0.027443094311614045,0.5919214912001756,0.013209371670801388,0.982793096121058,0.01636139161986963,0.186866741162589,0.024524119483363596,0.31342352379050487,0.03504134585046734,0.5288619068481285,0.041892485798395815
20.0,0.5,2,200,0.7967853978020294,0.019870977989327306,0.8367335239266115,0.025411334429641153,0.738213259540278,0.03154163022060802,0.7839446646817809,0.022814331214934615,0.8146593737730322,0.022140677561900912,0.7400669963135541,0.021411132622303704,0.9428572136878222,0.0151793774369239,0.5108893234870967,0.04054957915589019,0.6618919844119684,0.036196496274477644,0.805548344249518,0.025981016326643038,0.5909928325244185,0.01341977014609545,0.9819010002498727,0.01653394562899592,0.18511500358738447,0.024808415725773858,0.3108939362542751,0.035634597090479246,0.5257779896037118,0.043030306336003764
20.0,0.5,4,10,0.7740495559025067,0.020865921250223317,0.8020405722125734,0.0273067927861901,0.7284480766088322,0.022879562884492975,0.7632698161411882,0.021573632481494506,0.7860128205866934,0.02408773885535186,0.7343695488575948,0.02024856558679944,0.9135224432491145,0.017757944764684137,0.5174859654986526,0.037048337107724864,0.6600908931119502,0.0334706206256734,0.7915737797228215,0.02552019140512767,0.6019472252839406,0.013424625724750568,0.9769870338266442,0.015060736709649369,0.20853109265757408,0.024828782101840922,0.34312817365108494,0.034625755347517884,0.5608283152011639,0.03995482142976345
20.0,0.5,4,20,0.7873755889367102,0.0201385636679804,0.8206353935472149,0.02820058982907073,0.7365081054078857,0.024919805443793117,0.7759662473194913,0.021079906994280508,0.8020715948560591,0.02383937094329455,0.7375736293536587,0.01915719199556375,0.9308359451726492,0.014185311135046374,0.5131136728946606,0.03665049568932129,0.6608843737725805,0.032848468507219265,0.7997275025810658,0.023687180149649628,0.5962130777090632,0.012244934800109027,0.9803842269306898,0.01590323143771082,0.1961155835981169,0.022465502772984286,0.3263700953954036,0.031803743194111556,0.5433055795027553,0.0376052691148702
20.0,0.5,4,50,0.7932361756753581,0.019410190829085818,0.8309072617923092,0.026004379565101324,0.7371701235221849,0.029634481201591945,0.7808095291095501,0.021785793166909262,0.809995114976427,0.022181551487230673,0.738107548067636,0.021391452671634833,0.9375269036573478,0.014370285676601027,0.5099609915045603,0.04075492197160745,0.659779717970941,0.03672811253534196,0.8019407555921282,0.026393735668958702,0.5928529833016819,0.01274281439454377,0.981152583557248,0.016378087011627098,0.1890747162618101,0.02342787437433676,0.3165201153314714,0.033536233579230336,0.5322419550226769,0.04033360550320231
20.0,0.5,4,100,0.7955641257961141,0.019171430670831123,0.8349554405680906,0.025810665203229454,0.7376003257685765,0.029143633547245733,0.7828461730953334,0.02151716994833681,0.8131819979168124,0.021979044976039905,0.7385444587596502,0.020799919621940922,0.9419076067514627,0.014529867362666178,0.5082002865990847,0.03909875588350084,0.6594553201217637,0.035506710666733415,0.803708976189475,0.025847961871840172,0.5904075214042186,0.012780830308975727,0.9807881331265456,0.017551407833098397,0.18417229635840085,0.02352628596047037,0.3095645811625317,0.03379915899502083,0.524177795272905,0.04084953947363334
20.0,0.5,4,200,0.7978359185007152,0.018974445739570002,0.8375692645884166,0.025488906894341388,0.7398114891057602,0.02933859044669939,0.7852355665365567,0.021410244141654017,0.8156992477358672,0.021683961438014248,0.7377913332018018,0.020653496284839496,0.9419895178994953,0.016368194522440586,0.5065457600200683,0.03818074944558235,0.6581262809909557,0.03495517087876646,0.8029831017546138,0.026155028608485908,0.5904522620729206,0.013171296076044595,0.9811273325415094,0.017122164775382167,0.18417909996759668,0.024355952028309633,0.30954816138815466,0.03502097419183221,0.5241291760712448,0.0423693306937908
20.0,0.5,8,10,0.7782651904264397,0.02167703181643113,0.8081332093842672,0.027222907526679843,0.7306139744481712,0.03129647002717769,0.7670156508945122,0.024115435859583718,0.791056601090794,0.024223620964890447,0.7331779075247845,0.01801448894439614,0.9194582214390593,0.019140946895603916,0.511057276666713,0.0330009738381458,0.656419060399903,0.029939148885186832,0.7921399562025935,0.023425143732200115,0.5954904549856856,0.01188435566701304,0.9760926487323008,0.014672778559062242,0.19556931928458118,0.02214449307302749,0.32537103561572883,0.03125389141389949,0.5413986959425205,0.03666163420860541
20.0,0.5,8,20,0.7873278803487039,0.020743458652320697,0.8197178705250309,0.026802991976036007,0.7374345834184235,0.028563793038940636,0.7760561871661613,0.022706799813917208,0.8015804053478879,0.02354580453773758,0.7358506459390801,0.01961400889759122,0.9318360864016464,0.018743419906686543,0.5088404421783871,0.036908381828351176,0.6575444769274708,0.0330887752354671,0.7981950600303463,0.024829828761363554,0.5922091697249672,0.014089086594518298,0.9759870839984212,0.019471453617407968,0.18870988116565507,0.02564244792573829,0.31565022233997253,0.03669334445251046,0.530181924060815,0.04425102888686843
20.0,0.5,8,50,0.7909416380166601,0.02072964140751714,0.8265829483683408,0.02654405692793536,0.7370983818880725,0.02991639800967611,0.7789037756107499,0.023165622015540274,0.8067217083787055,0.023417681485482452,0.7350699458463668,0.021336064854751428,0.9390369766129446,0.01775040555235762,0.5024941745172178,0.038839886768400604,0.6539651442846959,0.035959055826684315,0.7992034753620535,0.027442043221038926,0.5900038561482874,0.013442128334239667,0.9812363129368219,0.018506340973006286,0.18322508737449922,0.02472429785357743,0.3081856476287556,0.03565626434427317,0.5225398681471347,0.043392352717161776
20.0,0.5,8,100,0.7944232921825806,0.020968413642369104,0.8319327938047414,0.025705007456524594,0.7385953148128601,0.03314407917080737,0.7820403439689281,0.024166045373115622,0.811103238353105,0.022966008626480208,0.7346441202996279,0.020343645181117236,0.9414274774885317,0.016458172871639667,0.5001858786115629,0.03753827969179616,0.6526031211037611,0.034593637415556315,0.799436444020239,0.02604080214521584,0.5881737998590354,0.013540700733472048,0.9799574234551793,0.017404440128882946,0.17974654403965407,0.025198762957284345,0.3031267184295235,0.03642358300372736,0.516349295554693,0.04439123733607629
20.0,0.5,8,200,0.7962970247100758,0.018714665719545158,0.8345082204407976,0.025495635811298895,0.7400156918838062,0.02808011795794011,0.7840284629582289,0.020872620295453167,0.8134428554395308,0.02160593393624611,0.7343222999093361,0.01991589600435537,0.9416357595968392,0.01590542542135895,0.4993919156646121,0.03702667350537394,0.6519859990091361,0.03398136903598103,0.7991631215363488,0.02539934453639127,0.5874427734252144,0.013158165223730329,0.9808143843945178,0.01757594876151198,0.17811635184070243,0.02442274286925421,0.30087264126056595,0.03534595777769953,0.5139217766408788,0.043142555366551684
20.0,1.0,1,10,0.7726861642119728,0.020193605608652104,0.8009009803033342,0.02670339924074334,0.7269661799107607,0.03186600595081285,0.7616221249535876,0.02246808775712059,0.7845696376601139,0.022674647492134766,0.7353323112299993,0.022106063894450613,0.9108712032289548,0.020718483678914587,0.5216234256984288,0.042480158817271546,0.6624394653287015,0.03738054330321429,0.7915545231643175,0.027615944820816866,0.6053663677690939,0.011187503768115895,0.972380550399893,0.013534837607799109,0.21670810305843555,0.020585488766653434,0.3540466129343498,0.028123584156346814,0.571837206479206,0.031511726995410966
20.0,1.0,1,20,0.788075625328231,0.022372917104312915,0.8242403750356019,0.03109495477317511,0.733468405424419,0.0285181296021079,0.7757912561557417,0.023835021593766475,0.8040348665094047,0.026462949432523215,0.7404542356983742,0.020559938150415076,0.9296431352017642,0.019726901208967026,0.5201798183175933,0.03802910579077152,0.6663816281989474,0.033911132096544255,0.80239591978263,0.025653276338602357,0.6023027827176083,0.013809214519154461,0.9777619089049366,0.014797817755514477,0.20910994278078765,0.02581329394190591,0.34390410481809486,0.03552397553710348,0.5617452292934562,0.040098040173389554
20.0,1.0,1,50,0.7956721938953564,0.02233183889286538,0.8334292426450706,0.028951344469388716,0.7399491081795302,0.03250771943746703,0.7834479369801259,0.024972229087921058,0.8125587252218078,0.025316012406894246,0.7425434275561592,0.020116762243303533,0.9394599796909292,0.01520387847117044,0.5183527175618737,0.038359695403434625,0.667342648828997,0.03430219499507077,0.8072928856148096,0.02464723798213893,0.5975574234701805,0.012802371057636429,0.9815457516190005,0.0156330935401194,0.19859789862561497,0.02360027795459586,0.3298254317589466,0.03328085481143219,0.5472685326827558,0.03910130578308912
20.0,1.0,1,100,0.7991563524483815,0.021618948165881478,0.8398245892435166,0.0264742964852663,0.739890594751717,0.03129394941855121,0.7863283135604275,0.02448608771073692,0.8174695539045091,0.023964002902787218,0.7422749952357138,0.02121573932741202,0.9421811239533188,0.016019838106230467,0.5159659251749094,0.03935978648440174,0.6660574884429524,0.035710476937935526,0.8077541399256154,0.02642198407639824,0.5970719029996333,0.013002075204717297,0.9823183645286189,0.01498438097763611,0.19743651010323188,0.023918615538239908,0.3282478195254616,0.033718526408723706,0.545642549291857,0.03956046402870729
20.0,1.0,1,200,0.7999239267810534,0.02036738837110691,0.8404463713217745,0.025402070998241502,0.7410493891229614,0.03078127989240369,0.7872292865083159,0.023179216169744114,0.8182047947904703,0.022562872171990437,0.7417156780482501,0.020835368211816068,0.9425525602104606,0.016021072301860013,0.5145686609624658,0.038644355740738254,0.6650019918403447,0.03505528970395163,0.8073060638713313,0.025948188423416646,0.5958973990898413,0.013269462719067586,0.9828286080282356,0.0153845750209221,0.19494635974104133,0.02456886019626687,0.32477162340759647,0.03469863260621983,0.5417738313254972,0.0407588148369571
20.0,1.0,2,10,0.7742892622088096,0.02022869421150357,0.8041176036707427,0.023383290981456795,0.7256834263638721,0.030389939202968088,0.7625702025444756,0.02315956007179044,0.786878185988035,0.02182733818502463,0.7363521669793622,0.019721234288423345,0.915139858471471,0.017666364895240073,0.5207993549345479,0.03632482567017182,0.6632200822230534,0.03272209420292764,0.7941077922570233,0.024905640047338827,0.6067774006579778,0.013311125712383954,0.9737810994446013,0.014847570354323323,0.2193193118124836,0.02558541511578138,0.3573558716124368,0.034454448008629436,0.5751468990970147,0.03731920025234001
20.0,1.0,2,20,0.7857318170682432,0.020714127243081432,0.8207458803550993,0.024665308505828903,0.7317609433053796,0.032966177562690636,0.7732713061980376,0.024067331798261826,0.8009507300575267,0.022433238603968567,0.7399822840536763,0.020955104122023435,0.9291129773992045,0.017384668675397227,0.5193672608129112,0.038702070818391124,0.6655996851000934,0.03462445243830232,0.8017186270047368,0.02583888837199386,0.6020786965635717,0.012150962166209194,0.9802562971687786,0.013230474116609424,0.2081893033711082,0.02298273198245761,0.34291697999736126,0.03169887380089758,0.5613536169576872,0.035728764575279716
20.0,1.0,2,50,0.7963717110499451,0.019241475463261555,0.8360475230240153,0.026466358204994322,0.7382692264388708,0.029262698999677636,0.7836762090587621,0.021557200707843307,0.8141536462135394,0.022295803443645155,0.741179518971833,0.020174820792117118,0.9407395187000839,0.015922408168378248,0.5145624476382381,0.03723232600910533,0.6646026403578946,0.03367412471630355,0.8063089492021931,0.025018015021726788,0.5983246340684383,0.012821339991933196,0.9805483962154395,0.013332268086470951,0.20044520156023565,0.02435002380068515,0.3322490859477608,0.03390939285516057,0.5496418274317637,0.038740929143521605
20.0,1.0,2,100,0.7995472092643954,0.019511390595341335,0.8404024501262377,0.026550569699101956,0.7404250939727562,0.02953663757512677,0.7868130881882274,0.021804683854348167,0.8179882181675318,0.022439745520362184,0.7428225649401161,0.020679557001932827,0.9424616524217424,0.016155966877167402,0.5169995326744216,0.038418215278530066,0.6670170988193829,0.034679032600483314,0.8084609543624071,0.02562121232683708,0.5976256636741489,0.013813271002818258,0.981142845484493,0.013478126503257972,0.19881507616275265,0.02591470326165698,0.32997139451625296,0.036343460816059305,0.5471190881473162,0.04210642916365926
20.0,1.0,2,200,0.8002756343958112,0.01955993328491693,0.8419648458371636,0.025404860318160194,0.740045419546504,0.029605245992605115,0.7873205732604672,0.022101594768719552,0.8191053726491552,0.022021418826831878,0.7435079162153434,0.021812385788009727,0.9434662734691728,0.014877077398336604,0.5177460809969389,0.04051720320684729,0.6678356071267492,0.03667052708665547,0.8093523529403568,0.02681425688162096,0.596001421397082,0.0137790252693568,0.9814256432157927,0.015013976223521287,0.19542468916384903,0.02562687833220089,0.32530641981383807,0.03616281553090649,0.5420158365399239,0.042412862580631074
20.0,1.0,4,10,0.7764958639572507,0.020674513693534347,0.8054578522726331,0.025820332902259945,0.7298254699930989,0.03030533295882275,0.7654008121601783,0.023106685105565967,0.7888379189433798,0.023007043855695773,0.7391112102350588,0.021464039241397396,0.9178429670760269,0.019975305252554223,0.5250677259316127,0.039879689404125916,0.6672375696052136,0.035565344153734926,0.7975498176396303,0.02686738923872817,0.6052906826185471,0.013414846282156466,0.9760053880224007,0.016130536855182585,0.2156646770347579,0.025035426070671003,0.35268178293695174,0.03411036383350933,0.5708137699956163,0.037938167622251356
20.0,1.0,4,20,0.7878670473950005,0.021231774963156796,0.8216296189313983,0.026331052626813307,0.7360760072802714,0.030990450023957044,0.7761180097941857,0.02376118023727166,0.8026913559426436,0.023534005376047794,0.7421676022929466,0.020550420534186615,0.9340782795426537,0.017346268939952614,0.5209874381112004,0.03891106705681081,0.6681373086607576,0.034544193652582815,0.8053646351139345,0.02519218069690596,0.6023222432475934,0.013705352141459641,0.9800353161428245,0.01426389952140959,0.20869852959309884,0.025993864964263917,0.3434503625425702,0.03564795249774416,0.5616468544261691,0.03981064820818822
20.0,1.0,4,50,0.7965290708100937,0.02177637223976831,0.8352740875856106,0.028063952433296156,0.7395519952288904,0.03128994416983841,0.7840837414616153,0.024331973456766996,0.8138967704092087,0.024670357647324153,0.7410741731954029,0.02092846465517057,0.938416224638077,0.018963816935205043,0.5158045285338989,0.037999750503702065,0.6650297615025342,0.03465009416784511,0.8055185326788112,0.026518229844734127,0.5984228990187995,0.013236930240827085,0.9812936469291922,0.015960202143180027,0.20044045804363111,0.024633806175509417,0.33229623195043223,0.03438318557317279,0.5498586006693317,0.039629581792553825
20.0,1.0,4,100,0.7973819527516437,0.020087837046035912,0.8368777672271897,0.02522847820759245,0.7394399233503848,0.031258174073758256,0.7847268088366907,0.023055093336799205,0.8150862323688834,0.022282765862171657,0.742114598051879,0.02172965289128258,0.9422373514087077,0.016194959614497975,0.5155674752795683,0.04025117396670232,0.6657130558641393,0.0364270693801502,0.8075644266134642,0.02691171938093654,0.5960128901429962,0.013339222432429508,0.9820370603776141,0.016729761940688172,0.19536089169001755,0.024736830769191302,0.3252926110025728,0.034822326419552345,0.5421957082867339,0.04068635219268827
20.0,1.0,4,200,0.7984197612909982,0.01978810890855044,0.8387112311163255,0.02600307464067,0.7397200616408133,0.030412440677609964,0.7856833934595747,0.022474603735323753,0.8165411384047806,0.022448217255330687,0.7430263066413137,0.02104895233571441,0.9429670771338486,0.016190008705885085,0.517075572748062,0.038719917873968175,0.66721850489245,0.03510423628787579,0.8088100469968833,0.02612627637869757,0.5957289105914364,0.01283152519707978,0.9823113534250224,0.01573405019803128,0.1947540256901717,0.023938300044263,0.32449229367511423,0.033720709483961005,0.5414007556124105,0.03938528388384135
20.0,1.0,8,10,0.780750171990716,0.02181748042600209,0.8127825341735097,0.025570987822809022,0.7300117588871009,0.030290227693240815,0.7688774982194668,0.024328472032748044,0.7945484031649067,0.023740607382399786,0.7363572669362356,0.021184989496991356,0.9219592535377583,0.017366123034697062,0.5162278778280375,0.040113953834712564,0.6610807726554923,0.03566836591101407,0.7958371635661923,0.026106739944547246,0.6006139737338219,0.015121412050302187,0.9744821876172134,0.015314501191613181,0.20642551449697458,0.029098768891809165,0.3398157329172943,0.04008411214753843,0.5562627047958854,0.04491975038502274
20.0,1.0,8,20,0.79043660454528,0.02090367790430768,0.8267289858810098,0.02584685502897125,0.7355156254500236,0.03055567455503235,0.7780943055685935,0.023560616667369656,0.8064598865971607,0.023197916478582905,0.738890456667043,0.02201909607391155,0.9351894846152646,0.018059444134429923,0.513185242546732,0.04183177368816407,0.6618294168012238,0.037380508598170034,0.802093698488763,0.027284320851204944,0.5986286165160635,0.013329852864877615,0.9788808046958323,0.01623371941113659,0.20135874900435838,0.02477714826213637,0.3334185174577674,0.03467108550800485,0.5506222711685277,0.040153750129122666
20.0,1.0,8,50,0.7959388856389487,0.020087580197444724,0.8343162092611903,0.027061172173215648,0.7394167742296335,0.029559488850360895,0.7835839585568452,0.022369440036430904,0.8131355919461136,0.023149913358841485,0.7411657036244634,0.02152587365703226,0.9429873450976434,0.017016128282098725,0.513155939854551,0.040291489905355256,0.6638353059678713,0.036583027212657285,0.8067500861688159,0.026996346154166417,0.5953339210683822,0.013343258023025944,0.9793591142146513,0.01801272907213174,0.19450845526755853,0.024593100862630522,0.32397362758334053,0.034764218685479804,0.5402521343620964,0.04097991101080963
20.0,1.0,8,100,0.7975863729208068,0.02025312315537077,0.8355720312314882,0.026458208334897936,0.7417924402344124,0.030425918490904244,0.7854710033308242,0.022732985603743587,0.8146636017752596,0.02290740711937442,0.741064089231757,0.022457312129632066,0.9426078696947673,0.016999160613231666,0.5131544793628782,0.04219465123437947,0.6636678799715225,0.03789335000849677,0.8064506862305076,0.02757586078826537,0.594823018065859,0.013923545526480853,0.9813077829731073,0.01815391306777965,0.1930543531281988,0.02574582577409996,0.3219880589032906,0.03640137584966816,0.5382585145051192,0.04286866088313256
20.0,1.0,8,200,0.7992653241064166,0.020128515908057542,0.8386900138266473,0.026069932341009523,0.7417775934000093,0.029087797663385956,0.7868918121932895,0.022399091653840957,0.817068041117561,0.022765018545975957,0.7402254827725538,0.021338388678748082,0.944010919082562,0.01633839575633551,0.5105001349071682,0.03966511558517438,0.6618971483950384,0.036107346357370264,0.8060742844572226,0.02669355005343997,0.593755133053171,0.013193092984846912,0.9806230705860912,0.016701450248998426,0.19103155495502255,0.024372599876537466,0.3191898363512754,0.0345749858521517,0.5351006608460845,0.04092426175684351
40.0,0.5,1,10,0.7615014496125246,0.018058925669883607,0.802829205664876,0.023483015115022328,0.6939819321795723,0.028784883307502444,0.7440514921254521,0.021230382359179994,0.7781209022668868,0.020523151804716946,0.7235286823468926,0.015766559954608732,0.8932760971260756,0.01919340309396497,0.5078391687165873,0.030697618938797112,0.6469977711698189,0.026761663941017495,0.7749486730913496,0.020606882708320208,0.6002166118844936,0.014908711967753249,0.967498240951208,0.01605330919359429,0.20709706329423433,0.02802993450472136,0.3404195384271368,0.038318986132969225,0.5557956769922765,0.0428140108449879
40.0,0.5,1,20,0.7781151444981638,0.01902755949956421,0.8184231534407409,0.0277689224771215,0.7160477071712503,0.029533836797701347,0.7632967729099432,0.021415779549257254,0.7952929144452343,0.022753898195554702,0.7366534945801028,0.01903631713861001,0.9214181608958167,0.01734707193486467,0.5173328311796864,0.03572763271547208,0.66199664984686,0.03176122285982451,0.796208403492523,0.02359497176400957,0.5964336129277666,0.014763999303270613,0.9751974344958532,0.016730607139232,0.19761452401632806,0.02798900588148628,0.3278482003882347,0.039198635228921384,0.5434348802654627,0.04540682623168488
40.0,0.5,1,50,0.794434391595028,0.01955074268901585,0.8322364736631434,0.025804070704140813,0.7383825754910853,0.029901336465580377,0.7820756758599995,0.021996370031055666,0.8112975786336081,0.022165447767481385,0.7411311136004981,0.020960275313052088,0.93532443204721,0.017583948557797418,0.5178100890187285,0.03781838741792407,0.6659571682963156,0.034392915914312865,0.8047209925885831,0.02618120284572005,0.5964326176668265,0.014989621396950089,0.98070020833763,0.014786280955959494,0.19646737758443902,0.028430823594942492,0.326535200991231,0.03979033902786936,0.5429362126141977,0.045889061223089035
40.0,0.5,1,100,0.7986226456810517,0.01935064437526473,0.8368038923555734,0.02444128416182229,0.7426784735969927,0.03137996954954211,0.7864886010180937,0.022189851051649567,0.8157970933036781,0.02124623728417857,0.7426871818215572,0.021055732452536054,0.9415281742916018,0.014654762524371976,0.5172275846591371,0.03914229598332463,0.6669631130326017,0.03544495233397375,0.8080085267690535,0.025960981076537732,0.5936218437662205,0.014020358643971609,0.9821664938667185,0.01236643472257066,0.1904732718258706,0.026606373148003615,0.31833896893785324,0.0375087088334901,0.5341348888799373,0.04363778442283886
40.0,0.5,1,200,0.801105577133274,0.017553145629776532,0.8384601493869525,0.022729792319832062,0.7466719037237268,0.030386495248999675,0.7894570002313326,0.020328752668881473,0.8180187647409276,0.019224259809434992,0.7425305955207074,0.02050285360117006,0.9438619268186074,0.013387411986837437,0.5154778293313365,0.03855494961084864,0.6660903568880705,0.03480938553142809,0.8085244263972106,0.025147773613833593,0.5921709437211863,0.01394418903771843,0.9823104331931362,0.014802671742862412,0.18746721211719128,0.026163832749228413,0.3141515104604214,0.03712747511536455,0.5294442738907501,0.04377392820580892
40.0,0.5,2,10,0.764949613341929,0.02285923179900262,0.7900300893219339,0.02671885143462172,0.7222311088145967,0.030306850034977826,0.7543275601793413,0.025164415034356742,0.7752733750587364,0.024955836949100398,0.7298692438538555,0.02007507113557675,0.8920444637644953,0.0192457136136497,0.522944014329678,0.03889686672082819,0.658593287741473,0.033876710654631166,0.7808701669162634,0.02509998484844847,0.6065350998438607,0.015161469115333942,0.9654573901743267,0.016006104432631934,0.22064852650724923,0.028481333730233482,0.35846147926637867,0.03847143202326092,0.5744001685295739,0.042330092209201926
40.0,0.5,2,20,0.7813534643152938,0.02218693603086333,0.8108829984506232,0.026925778133842455,0.734597786698709,0.03317965555254178,0.7704253359593166,0.02508461744338033,0.7940797322558542,0.024326440526954922,0.738628498519545,0.018634188773384797,0.9196272102671468,0.01720735818846945,0.5228920612770509,0.03535325633968823,0.6660736170204482,0.0310933930344733,0.7977606299982264,0.0229027467855332,0.6022889437809,0.013278715026030759,0.9756292564343989,0.017033803734690423,0.20952832026555054,0.024043483337506416,0.3444600907686265,0.03327509585435631,0.5621252281657309,0.03814984240812957
40.0,0.5,2,50,0.7928695186487185,0.021840230699176334,0.8283607157821166,0.026867983056515554,0.7395765446592959,0.03310089375665163,0.781003177791602,0.024809614521029102,0.808616618994394,0.024038436830725155,0.7436116180574258,0.019592501954655867,0.9372040157045067,0.013853788961418883,0.5219682616078865,0.03646761958158828,0.6698983755758472,0.03269727111679539,0.8078704801775591,0.023864178378996653,0.5999376567757801,0.013368740547840579,0.981227681720257,0.01634653322033191,0.2034759359980197,0.02445376090867263,0.3365064876130824,0.03440242859384079,0.554517045881683,0.040348498841038284
40.0,0.5,2,100,0.797750312166342,0.020672050324203044,0.8354461344386712,0.0251201152513377,0.742235425362682,0.0330276408037696,0.7856319723874717,0.023893753845298498,0.8146512083628036,0.022471164597272653,0.7438026548134681,0.021177333838374647,0.9411658364971579,0.015658800417686775,0.5198449665939363,0.039061573180273014,0.6690594137570705,0.03525367166392411,0.8090893445493826,0.026007972087018768,0.5970078880336387,0.01295225264698145,0.9823651933109392,0.013723699840342725,0.19733623686210916,0.024267115529204224,0.32807081535656313,0.03410994253640485,0.5453784297749371,0.03967343238063346
40.0,0.5,2,200,0.8001309694504698,0.01834446742753329,0.8382567782121949,0.0230342836699644,0.7444703429059069,0.03139499619578063,0.788129743269409,0.021504373068604542,0.8173300636994449,0.019991671356827247,0.7434175283905949,0.021014372539587264,0.9428891920867913,0.015093869589625573,0.5179095270494962,0.03845766757941666,0.6679242089105557,0.03503750011957279,0.809206085561424,0.026076767121335474,0.5961992588181518,0.013944843581179651,0.9825814562075967,0.015106034396272044,0.1956240446922812,0.026143009796038813,0.3256047320305653,0.03673618786404046,0.5424874817329204,0.042663343843442794
40.0,0.5,4,10,0.7681456803646981,0.021761101915383142,0.7942498088536255,0.028240252403100328,0.7247329974970372,0.028714134492111073,0.7575463181823731,0.023283819816229234,0.7790549263212144,0.02476542231230643,0.7325564687123647,0.019918275721166022,0.9020417628246484,0.02031104574867451,0.5215385850515302,0.03531210634011483,0.6604096949772422,0.03205602552253987,0.7866010354156655,0.02556270243999151,0.608430616615533,0.01177586937375844,0.9712445972174197,0.013174642245693783,0.2233041017395153,0.02208224612450343,0.3626718671928752,0.02973535837559391,0.580447379151525,0.03248112434425922
40.0,0.5,4,20,0.7833391696325156,0.020599935969939087,0.8172503723833598,0.027064273093515206,0.730916923225254,0.03240665909367492,0.7711646650586023,0.023211601824348824,0.7980276791651216,0.02318220384183073,0.7381897206743833,0.020152411096562968,0.923752644960191,0.018969275088218086,0.5191343878867251,0.03776069253327851,0.6640065284417067,0.03344034876509029,0.7983847302297209,0.024997484178614256,0.6025305943881101,0.013709181891097554,0.9786074945657741,0.015321301127788048,0.20939599715501883,0.025471675129208365,0.3443640040051437,0.03510050141890529,0.5624339860508817,0.03965405125214617
40.0,0.5,4,50,0.7947073396255445,0.02015601262513408,0.832808439261175,0.025897934208147004,0.7383467598206224,0.03294205846076385,0.7822248634816065,0.023208804629398457,0.8116637900013369,0.02235739684347524,0.7404133217658553,0.019630754851810962,0.9376489181161783,0.01639150511090087,0.5149721628586257,0.037320685382210624,0.664105177018788,0.0332504997328438,0.8046131464530225,0.024134751344588753,0.5982139940674883,0.013838403127355754,0.9802163548525714,0.014636043294452354,0.20020532518233022,0.0256550581816924,0.3318700843140287,0.03572381567336689,0.5491226854730853,0.04099612964690265
40.0,0.5,4,100,0.7987044718283896,0.01868638594595386,0.8373056210838025,0.023986395004947158,0.7422464301102059,0.03125089709387245,0.7864539908723939,0.021625336685687165,0.8160645713925732,0.020618000639572,0.7408024297253545,0.019440238728405425,0.9409629674916274,0.013380000464749284,0.5137286082954083,0.037861507533525185,0.6638643196003357,0.033340860062344956,0.8059162136821205,0.02320922022223114,0.5952651905194216,0.013931973477256322,0.9798910903982909,0.01634626461478658,0.19423851706547904,0.025818584386307568,0.3235629049611296,0.036394272326311525,0.5397763119669656,0.04261508768937917
40.0,0.5,4,200,0.8012379393453744,0.018336988578401506,0.8417091369481773,0.022166766613868183,0.742641182879215,0.03190977571020573,0.7886232836835727,0.021655870542582556,0.8195085490757684,0.01947160305272198,0.7411167942143964,0.019661181805551205,0.9422940481329011,0.01506956730421973,0.5135046530534656,0.03684989258723861,0.6640953656415289,0.03314637739115783,0.8066871683319553,0.024240555490943713,0.5946679565445167,0.013273868754551022,0.980243282184961,0.015367216731166868,0.19297210759378056,0.024588206275033154,0.3218743249849643,0.03473438946298038,0.538048255255738,0.04078451778599924
40.0,0.5,8,10,0.7754521829334875,0.020175410893668873,0.8052315993289106,0.026831450137529585,0.7274954218096762,0.025841897503741832,0.7640915246930569,0.02156262861899646,0.7881722018847204,0.023325035544989447,0.7352896973890266,0.018196981389227436,0.9132597042643494,0.018310442875451145,0.5198541890685948,0.03373512585720147,0.6620193450306714,0.02994795478015297,0.7926112995363639,0.023046843971030094,0.6028634090738159,0.012604894781227829,0.9735803342524247,0.012647291700453,0.2113268941187343,0.024407230401901278,0.34666909310503735,0.03313795998704852,0.5639223395737425,0.03632112134603661
40.0,0.5,8,20,0.7873907988125503,0.020388027134440517,0.8209544076608226,0.028416689846731485,0.736140723272723,0.028052046010110826,0.7758306060480484,0.022035336680681316,0.8021761389180874,0.02400880059178293,0.7387179097112557,0.020300650224019754,0.9275252818115044,0.017013813110372422,0.5177446929896674,0.03851624880686933,0.6638162301678002,0.034059569008851896,0.7999501799511193,0.024911303088593652,0.5986114389191195,0.012942320456602662,0.979974785691087,0.01478799944413838,0.20111884807786118,0.024190699582337948,0.3331742406908652,0.033660343318302546,0.5506148430007265,0.03857757998956145
40.0,0.5,8,50,0.7934014493564117,0.01885980875389744,0.8315490520890456,0.025697480616871462,0.7367591373431418,0.02961744401475743,0.7808436700643324,0.02135217285177158,0.8103697837239545,0.021684902883334932,0.7386911182586318,0.019910477516227026,0.9389436784159821,0.016122977094800987,0.5103523900871745,0.03660954448988641,0.6606543905834151,0.0332582790539802,0.8032001296844884,0.024917850311106347,0.594651564391668,0.014739668405142764,0.9813716629136005,0.015994836119117246,0.19272243771989556,0.027973568585543836,0.32136959273130206,0.03930820356171335,0.53728542383034,0.04556984012894744
40.0,0.5,8,100,0.795873863104445,0.01900986133275301,0.8352075427495949,0.026034231513095456,0.7381480936850653,0.030394583851854663,0.783203243963812,0.021583474086304618,0.8134613478157078,0.021826736815770423,0.73771870188316,0.021342353450121972,0.9402197070890645,0.01506447911404378,0.5075143273980525,0.040812950991596965,0.6583629519599494,0.036627724057708165,0.8022670571307394,0.026202426579588413,0.5921364839966292,0.013948533404543932,0.9821660032886488,0.016608130389209677,0.18744606807129674,0.02621959300329919,0.31410306086865375,0.03722266893006734,0.5293380610253908,0.043899898357120194
40.0,0.5,8,200,0.7973734510675624,0.01860334151035461,0.8375944603036407,0.02617507357896337,0.7387921571475923,0.029401822553252386,0.7846217806643458,0.02091428565067923,0.8154335196099529,0.021633338054511637,0.7375229658707468,0.020198206860180083,0.9406675682693473,0.015796177005973477,0.5068165972204808,0.037774169535381076,0.6580312045069757,0.034242775182028756,0.8023526425628358,0.02526661313627342,0.5911507069970298,0.013807444349986207,0.9813479105686469,0.016514076052913735,0.18560172253395107,0.026052425116267087,0.3114589037520183,0.037083969234781924,0.5261620127916709,0.043935101592426
40.0,1.0,1,10,0.7667829226436487,0.021069661106717822,0.809325036740864,0.024133948511793197,0.6982308519071351,0.029498646945801444,0.7494396662080652,0.02442158470627429,0.7841848318441075,0.023162502579639463,0.7274188529813159,0.021642182686049203,0.8984712107705543,0.019394890760059454,0.5124832424364871,0.04022585037076186,0.6519450801194385,0.03603388801572416,0.7800318912327459,0.027361120901467705,0.6046909415114698,0.013102977919761673,0.971075396702483,0.011406032822168281,0.2156689490875976,0.025500087406764984,0.3522944931581643,0.034236591538924895,0.5692919216631294,0.03679541869111088
40.0,1.0,1,20,0.7837778329558238,0.02010004518070386,0.8227856643571713,0.026257315143165056,0.7239918075479996,0.025309219005291622,0.7699733998790225,0.021726422098926765,0.8007393626461761,0.023116672062647118,0.7378284237351554,0.02198170682266306,0.9177949491534914,0.01948995355864092,0.522090024462342,0.03926706634984037,0.6649295548977294,0.03569993722250601,0.7962735262363067,0.02772510852851776,0.6017915744896847,0.015350214860210367,0.976396581173745,0.01600194449883574,0.20834923586368204,0.029203015982467967,0.3425755028362599,0.04023438375755006,0.5596706668922912,0.04536490164382637
40.0,1.0,1,50,0.7943953573841,0.018656352346004306,0.8329790702408012,0.023173309220848766,0.7370534629714378,0.029936400726814406,0.7817002466104579,0.021555852126098382,0.8115705715248497,0.020471515184679368,0.745637368825533,0.02231944909256774,0.9335778661475761,0.015833655846292816,0.5285424519205357,0.0411131439444881,0.6742284455838508,0.03673200048863177,0.80869303045103,0.027024742572968753,0.6013279651831365,0.014625830495756482,0.981932309884284,0.011854845482163114,0.20630529705673398,0.02846853696655558,0.3401223272007391,0.038913509725235405,0.5581027815245674,0.04286605554588249
40.0,1.0,1,100,0.8025453802131446,0.019149870163894776,0.8420430625531667,0.024099647204364753,0.7454978515533236,0.031180195009773787,0.7903958494978115,0.022143618639031273,0.82046841461189,0.021030364798356103,0.7461164244086046,0.02210093599628939,0.9407108871772811,0.014355369721915427,0.5250080091016849,0.041228113619468196,0.6731402595697676,0.03704067766547098,0.8112287649889339,0.026862185599808793,0.6010885313329201,0.014818419998475916,0.9834935853368496,0.014200469486465304,0.20533795010695552,0.027679976944578986,0.3390064306093664,0.03837241479414475,0.5573726884468615,0.04369401141978205
40.0,1.0,1,200,0.8041914201846948,0.0186891932717496,0.8432265885731164,0.02323554496024728,0.7479901842933141,0.031577258671004305,0.7923103144243647,0.021779215322848745,0.8219662810780115,0.02024134900006804,0.7474213262385563,0.021716059677505867,0.9419601085995133,0.015434810631926421,0.5270499793376053,0.04033708445040522,0.6751704152139317,0.03611575725574905,0.812986707463865,0.026363749300494177,0.5992645037830023,0.01539886501943576,0.9829418034807516,0.015456766678384228,0.20172090565955222,0.02885466083353478,0.33393197587295176,0.040243564186534554,0.5515655213224793,0.046271800599634455
40.0,1.0,2,10,0.7722133839565194,0.020687608918233194,0.796927208554386,0.024914014376761332,0.7312699434613593,0.03011968258873274,0.7623385898349054,0.02292389486877723,0.7826280429659311,0.022567975437516746,0.7385574705492413,0.018290939938239527,0.8993814743006361,0.01914295586763217,0.5372559401563916,0.035158908154845625,0.6720467807645656,0.029827959076158695,0.7918747485352491,0.022260655822283218,0.6137612833367014,0.011885845819626161,0.9671775625800286,0.010461453413137414,0.2354448144843586,0.023471372864809888,0.3781555087071594,0.030304681268804885,0.5951019085819048,0.03060834548726202
40.0,1.0,2,20,0.7856957520884984,0.01942014437330828,0.8160923253265354,0.02418158062813732,0.7382053127977488,0.026929963056178435,0.7749097895538064,0.021315055912512548,0.7990256481518994,0.02161975352544235,0.7439906677038641,0.019535833736507878,0.9183521592984978,0.01952420111640589,0.5354645836042484,0.035318292142522946,0.6759304174546068,0.03119216508163369,0.8028483828919839,0.024199147399138067,0.6092337877855865,0.012185101642436986,0.9769090081808759,0.01328893912007824,0.22363039582350225,0.02321821039443615,0.3634280980802944,0.03088790616129223,0.5823407137350907,0.03291921000982865
40.0,1.0,2,50,0.7992578187462599,0.020615348113602685,0.8348658076252363,0.025510320576432804,0.7467982706088845,0.031547523332588916,0.7879598583645263,0.023285430904260298,0.8153305321527181,0.022623382108423972,0.7479586437683077,0.019701828578629538,0.936945463367145,0.015600465823353893,0.5315861814125935,0.037542592003897764,0.6776225651167345,0.03293400012046395,0.8121786157019633,0.023576477350991727,0.6050528435836037,0.013094095999159387,0.9801377919019284,0.012469708644849788,0.2142525030672387,0.02480363538731529,0.35104132782690145,0.034003303118911754,0.5698836449102671,0.03796876931461717
40.0,1.0,2,100,0.8017430623526491,0.020049016992457112,0.8402874301424689,0.025162564833521858,0.7456872852663126,0.028274418202235935,0.7898473579416765,0.022288281785636344,0.8192667279492791,0.02241053201389783,0.7482926781474095,0.020585378557247153,0.939291279116012,0.015168987984366961,0.5306695863217658,0.03828627131391822,0.6775176128774029,0.03390065879961091,0.8131948278305193,0.024631898461490984,0.6036026212049631,0.013710108481033802,0.981817040942364,0.012840566351338352,0.2108597307617787,0.025646320983820945,0.34653638067963344,0.03545039580899518,0.5653650169588627,0.040208254176248376
40.0,1.0,2,200,0.8038805889363967,0.020335866815998055,0.8434365549965269,0.02570605100541308,0.7469085253486025,0.028779600252311258,0.7919059650515988,0.022600308251928256,0.8219435409253769,0.022780460196061992,0.7487100034794305,0.020949516067665232,0.9432380782439423,0.01401305530358359,0.5289796023291747,0.03886717495261378,0.6771516430731918,0.03475669309806608,0.814746748371048,0.025247807867732217,0.6031684955412263,0.013712158620321194,0.9821375508203957,0.013762331104385706,0.20989334782101735,0.02549404674103767,0.3452610188080934,0.03522984784062502,0.5640961794952734,0.04001886830736305
40.0,1.0,4,10,0.7774473137030136,0.016286615664163114,0.8039193367308494,0.02101667263938851,0.7345981515027363,0.02635810552505549,0.7673552201292925,0.018349721992816294,0.78878980176689,0.018044305376619257,0.7402700692290006,0.01720914858011762,0.9071356178024705,0.016983703584456587,0.5352636193600957,0.03179892688865776,0.6727936471412557,0.02766685802422718,0.7959669500326396,0.021058763557296238,0.6140278462905321,0.012418022738696539,0.9715440132453723,0.012161301595508154,0.23479173865395012,0.023682684564381537,0.37766710917748136,0.031002159293563456,0.5956328289620452,0.032307893679401546
40.0,1.0,4,20,0.7889164536932007,0.018659146671791395,0.8207507896186513,0.022692320065790157,0.7398685589307629,0.028794082538343643,0.7778699630927773,0.021162413920879725,0.8029474509573908,0.020325555387823914,0.7451401328832643,0.018345499911581853,0.928105828457466,0.016115801580067122,0.5314885376405174,0.03642479940366227,0.6751876573055806,0.031073280052396846,0.806775191051063,0.021596544998376255,0.60893190787015,0.014041541429336762,0.9742105903534108,0.0157168118253402,0.22358253143261547,0.026534983281632275,0.3630333101728326,0.03547815362310175,0.581125557238636,0.03825637948285129
40.0,1.0,4,50,0.7986723455265023,0.018744062112429828,0.8363045167100541,0.023945266460969637,0.7432802847331723,0.025671032697106164,0.786779657023469,0.02062634548703855,0.8156870413066646,0.021178888951943437,0.7464464304766942,0.020782821115507385,0.9382467771868557,0.016420063212593372,0.527377909796962,0.038194604942223744,0.6745628861828198,0.03420138815104935,0.8110201636540604,0.025379855443820497,0.604254106336062,0.013485323606643415,0.9786963857374469,0.013189181495993008,0.2129158219358292,0.025289715640897784,0.3491394446540396,0.03456171577828001,0.5675776096398346,0.03849814744909482
40.0,1.0,4,100,0.8004240081014071,0.018349024847659566,0.8391135710266651,0.023295674780200403,0.7439660077151803,0.027648714992633678,0.7883465403325691,0.02071556117456813,0.817946434887174,0.02046072398973253,0.74763624583272,0.02066762730900509,0.9425062613705759,0.01514502310279739,0.5271866908641634,0.03807686501426727,0.6755107327645368,0.03422937516414442,0.8134759354692361,0.025188109348243087,0.6027387476075893,0.01483994308779123,0.9794976899362233,0.014992332153039486,0.20956402396758467,0.027469175511036364,0.34455919109336514,0.03773572683835336,0.5626815069017795,0.04245279279446781
40.0,1.0,4,200,0.8021708484123155,0.018433543900835403,0.8421011959624787,0.023442814045758743,0.7444031282216768,0.027648453206669865,0.7899082150269009,0.02075588128237927,0.8203212995314161,0.02054633592766732,0.7485320358106691,0.020496996881632704,0.9437094313589455,0.014282591257555481,0.528321687024762,0.037817937878083276,0.6767724201407663,0.03381301163751779,0.8147614963708261,0.02470522724853631,0.601523991622394,0.014422755295988212,0.9792360616105636,0.01612184111548854,0.20716641951579393,0.02684556788821437,0.34129999068587724,0.03706337183898622,0.5591388932826066,0.0420250776173523
40.0,1.0,8,10,0.7779652364978992,0.01943073428260953,0.810321478458128,0.025041702077888483,0.7266536246998324,0.029542110125594306,0.7658064576422975,0.021742853491287188,0.7917964981348109,0.021770871700205596,0.7371309583408527,0.018667986676456607,0.9178246632722175,0.01661611437103232,0.5209237659360682,0.03744282658497511,0.66386022621135,0.032055213549927374,0.7956031810866433,0.022439790359049316,0.6065231924203586,0.012991451860699624,0.9730138211533713,0.016996730942287576,0.2189433724414033,0.024471535523967074,0.35688282455422693,0.03312290899316427,0.5746259056227959,0.03647184502879073
40.0,1.0,8,20,0.7905506325986091,0.018981356939898258,0.8252745346186522,0.023559477089697706,0.7377678091068058,0.028402310720734642,0.7787363004642539,0.021233934798589524,0.8059128148987276,0.020855181873164014,0.7406904803534624,0.019508055130079464,0.9288547215256953,0.014224780396107766,0.5211933744821506,0.03825872708670632,0.6669728021768278,0.03328333568594493,0.8023652173427033,0.023219979429638923,0.6021231988098903,0.014804220049084636,0.9764433032726181,0.017497437106805964,0.2090432394227662,0.027840417174176,0.343611621418456,0.038175930264651346,0.560970216678691,0.0427465541503237
40.0,1.0,8,50,0.7962061943818145,0.019659355452569,0.8351856356189943,0.02513709454149973,0.7387614730888834,0.02991578404322542,0.7836240212531836,0.022232267819213145,0.8136545532012619,0.021968484091554805,0.7427411730976565,0.020005646005549507,0.9372086173817227,0.01619397704686978,0.5201583462494341,0.037311902301014124,0.6683475313737701,0.033417279497493874,0.8069355398055498,0.02462764140141206,0.600208881665502,0.013929486684463676,0.9803921082802646,0.016086920837384576,0.2042416117110105,0.025816351339859,0.3374245527538759,0.03582039565041322,0.5552393047649481,0.04094351670249234
40.0,1.0,8,100,0.7996898387269005,0.018700245447971303,0.8402068800870384,0.023951928649749557,0.74084529648105,0.030004626932339844,0.7869848703888941,0.021477181649211783,0.8179561418781296,0.020736318307726376,0.7435392074679297,0.021223618128154192,0.9410381287338844,0.015415831135172997,0.5193174582566921,0.03878375199132407,0.6686209213140399,0.03527651692554428,0.8087924010438424,0.026279183390347325,0.5993631067212848,0.014512883712023087,0.9802715736978179,0.01845177942462739,0.20249083710601434,0.02660454697928932,0.3349892595787696,0.037141674692551696,0.5525026862996745,0.042998856502404155
40.0,1.0,8,200,0.8011638361392069,0.018565449030041127,0.8415614233462408,0.02425321743634074,0.7427619459674669,0.029407506719363957,0.7886682155153961,0.021100255136763092,0.8194565698219642,0.020775848682961978,0.7432764365748541,0.020671592353323706,0.9413889408713917,0.015024399151868002,0.5186268167478841,0.03876295712019081,0.6680856709796784,0.03485450917758258,0.8086043535743551,0.0253863829014308,0.5984857244860606,0.013727285030366408,0.9811118335515452,0.01677237988893094,0.20056878337528317,0.025372621939634264,0.3324376342598294,0.03549586644907222,0.5499327091540361,0.04112988605001004
,0.5,1,10,0.7607725705155188,0.018362762100459513,0.8024339494709658,0.022618616873120674,0.6923603247833453,0.02731629530879585,0.7430486000745657,0.021395746019804165,0.7774882786652186,0.02060617269207974,0.7230957306454063,0.0182059569931911,0.8931353045862347,0.021308108882979866,0.5068651040268326,0.03420485977236293,0.6460878462752164,0.030574863197239285,0.7743145457194868,0.02409434933735939,0.5999160296211568,0.012907721142581183,0.9677869637921412,0.014799505512403372,0.20655056207826644,0.02466667775683737,0.3398356061834683,0.03347108577503181,0.5554688851067625,0.03675223837354989
,0.5,1,20,0.7790579159846104,0.019151217065514328,0.8198756061334442,0.02557822988384365,0.7160427499601039,0.028655118277777492,0.7640569337137568,0.021779475525090863,0.7964839372233008,0.02209932008614517,0.7352603786134674,0.019160130418542823,0.9200768665116323,0.014774778326626305,0.5152260310408142,0.038071015413668405,0.659774321067057,0.03319891213678603,0.7942322531666279,0.023051209010740186,0.5971120010564214,0.014369977420526649,0.9767213182996333,0.016076275774746067,0.19872458724671255,0.027372450035693083,0.3294948016840292,0.0381618468009174,0.5455968507169471,0.04381413452484749
,0.5,1,50,0.7945646874571134,0.019521502962138098,0.8327344669374277,0.026252971226058304,0.7380593629578336,0.028677561019596887,0.7821411581421736,0.021646238500795074,0.8116176967311357,0.022427844312145007,0.7412394689561486,0.02055634487052784,0.9361870769356424,0.019163330513752325,0.5175472330858181,0.03654778676032247,0.6659936069621161,0.033544641991577896,0.8051425248079719,0.02615887232523083,0.5968478535924271,0.014857101447501542,0.9807820564120228,0.014712802046316066,0.19730515134266663,0.02811476448719044,0.3277239589550059,0.03927082455342018,0.544319754972787,0.04513392735197959
,0.5,1,100,0.7986629087334307,0.018952088017019576,0.8384173254228783,0.024562676035580325,0.7407667586854404,0.0322941879244865,0.7860638496950965,0.02209470825084274,0.8165147818439806,0.020941435899203206,0.741445598385784,0.020110863611401106,0.9423109960995673,0.015235774912815922,0.5141434688615728,0.03718321820559604,0.6646451666567519,0.033812531656677344,0.8070223355396363,0.025066762018291496,0.5936646709031208,0.012868867593750704,0.9817499654799425,0.013192079145478241,0.19067657225690823,0.024306180328185056,0.31872603293889296,0.03436012984121832,0.5347243983356813,0.040196212694020815
,0.5,1,200,0.8015170925572768,0.01779892123846756,0.840275052885471,0.0235230250019645,0.7453580788206396,0.030051244352742337,0.7895225436031152,0.02049365293635753,0.8190816090701644,0.019814060725249934,0.7433594855088309,0.02139314820852853,0.9451525902368101,0.015558688437251143,0.5163571730985526,0.03868230625637072,0.6672040182822355,0.03547944513597599,0.8097850770913959,0.026688849937674033,0.5924120775458641,0.014845352307540973,0.9813244565856944,0.014695815563105147,0.18812492100488334,0.02794867979047082,0.3149285992296492,0.039510593737448724,0.5299832975948973,0.04629697504059794
,0.5,2,10,0.7638433245665597,0.02100887129087496,0.7882588331649328,0.02490472901217311,0.7220349446591434,0.028598624753094697,0.7534158046467739,0.023176763422048465,0.773865300827429,0.022989376309452535,0.7309991987645587,0.018484826427212865,0.8925596442204412,0.019975632904743013,0.5252531632714985,0.03551787185806034,0.6606673618214638,0.03075298366973673,0.7823302080031819,0.023264841588815525,0.6091315054051124,0.014259814478071422,0.9690917456929876,0.011253164441669147,0.22521948241720485,0.027278961175690532,0.3647943096281881,0.03641570473105111,0.5817652520104639,0.03906388023705091
,0.5,2,20,0.7821262059511144,0.021530327116835134,0.8119314758095039,0.026007947942897368,0.7350850286601045,0.03294233472882209,0.771160674850224,0.024466153558589266,0.7949933742658489,0.023450225597266238,0.7385242236040506,0.018473907571719066,0.9193406784800224,0.016313857496784354,0.5228360909024926,0.03512958604475442,0.6659702061654098,0.030778445269487437,0.7975840690644118,0.022495090851504165,0.6044028411039442,0.014073327790276018,0.9757213321922377,0.015039811388279875,0.21387267733603635,0.026200821461809957,0.3502058324482144,0.035659770220857895,0.5680647001750205,0.039585521512227634
,0.5,2,50,0.7935117823740174,0.021275583812108124,0.8294121646506376,0.026200499000965362,0.7397425257716647,0.03201118800775588,0.7815887194065818,0.024105709049576828,0.8094759009889039,0.023426172903087874,0.7444168297216711,0.020433740611613425,0.9359437415313965,0.014549085981944246,0.5245176353973862,0.03851508271820055,0.6715876567360753,0.03407890578677159,0.808247270693807,0.024539106753279815,0.6000773877898725,0.013749905908606882,0.9819045805382457,0.013431883430076251,0.20365194168347972,0.025718105253874912,0.3366989941124654,0.035850338846366285,0.5547089880205971,0.04118871841770533
,0.5,2,100,0.7988412661872955,0.019830512244666695,0.8366902200046038,0.024071209542053978,0.7433155611091389,0.032935994922194185,0.7867751059381274,0.023050156165352907,0.8158496756876563,0.02133082904587757,0.744663448670634,0.021331003795662593,0.9404598427902375,0.014220724161072706,0.5221340546095836,0.04003905658488761,0.6707294202205096,0.03556455605976143,0.809731580527487,0.025494768469331314,0.5972372794756582,0.012859635034047119,0.9821063737514463,0.014194696873905956,0.19787232937119653,0.024097283360319386,0.32880648448006355,0.03375711080258946,0.5461679256424715,0.039031169012086454
,0.5,2,200,0.8003613400217006,0.01869255213148946,0.8396310589720279,0.023168360633007857,0.7432023042186648,0.031360376246485855,0.7880397177651586,0.021856001255146872,0.8180788250164909,0.020328493863837,0.7437223853032556,0.0215672358487893,0.9418359334331626,0.015739701882806427,0.5192119824773053,0.03961225451913266,0.6686970875628433,0.03594560210706657,0.8091699015046991,0.026691642096037364,0.5959127141417124,0.014052697237854446,0.9823188868487988,0.013854338056288922,0.1951074863499343,0.026539763416100426,0.32484050910276313,0.037194819161570025,0.541532931274262,0.04292358439031827
,0.5,4,10,0.7692620445849903,0.02231901229851708,0.7956148502005516,0.028587721042291653,0.7256193434054264,0.029943792241473068,0.7586357491001776,0.024004956394567047,0.7802996630845118,0.025202716052363995,0.7326298625530157,0.019847280836436103,0.9015113087218223,0.019911857978515118,0.5221226484641294,0.036047420331339695,0.6606868113042712,0.03225251463941686,0.786492541341626,0.02521128506142232,0.6081964755194624,0.01207287096894158,0.9701047310935967,0.013832302929052792,0.22309267444335115,0.022653580050803195,0.36228872035684506,0.030465440691047733,0.5797736594734998,0.03323316743522156
,0.5,4,20,0.7842639661634013,0.020587368732601936,0.8176872912683756,0.028509642137493144,0.7329088156211474,0.03182964048266924,0.7724318106781863,0.022792676854807955,0.7988113584955729,0.023806168384201014,0.7385124243599622,0.020527681377746784,0.9243077291591725,0.018925233486366384,0.5195412129072349,0.039724685818770714,0.6643588401233427,0.03467275434125732,0.7987687647434293,0.025139257271876624,0.603224252799645,0.01384789724514748,0.9789504799754791,0.013293635073074525,0.2107571672604122,0.026057520412750505,0.34618846515848234,0.03570259144139029,0.5643900866600235,0.03983363165314503
,0.5,4,50,0.7952742045712045,0.019730961690955846,0.8332135826527252,0.026658056859791154,0.7393413498402897,0.031193334272828856,0.7829750232484248,0.022262146294062445,0.8122220012545247,0.022489221938230827,0.7404608067422309,0.020286125120439067,0.9368814274304175,0.01643820775631045,0.5156122800352585,0.03960372032286919,0.6643225585394659,0.03453491573854112,0.8043397817289826,0.02424050284408374,0.5983819324039205,0.013636366547541258,0.9793744153773885,0.014724771694871294,0.20074571994209625,0.025390980350205525,0.3325739040626613,0.03529964008254855,0.5497534544737237,0.04038820597277109
,0.5,4,100,0.7991432789887132,0.017727478100783206,0.837844563936207,0.02342207228391044,0.7426794427729593,0.03080844777486968,0.7869192770853666,0.020647413374071045,0.8165677842824686,0.019691779396657123,0.7409346757179015,0.01962102846527484,0.9409335274825456,0.014168347104659964,0.5140505133843698,0.038365507978519196,0.6640953318417393,0.03373952455388599,0.8060221302178228,0.023524161161596013,0.5955945458445729,0.013846452016007286,0.9798467173446153,0.016367189680532496,0.1949140017585604,0.02555555390957117,0.3245210164137656,0.036031698762623895,0.540877702987449,0.04223558717584587
,0.5,4,200,0.8010772197817086,0.01822234216135878,0.8412038097527056,0.02202647249358772,0.7428784891495107,0.031759821135965635,0.7885437108398591,0.021549033369690492,0.8191896320254717,0.01938082857519638,0.7409527796061025,0.020602877393268503,0.9423363030156782,0.015778751848617087,0.5131331555342962,0.038960794114580574,0.6637034662974761,0.03484307374672559,0.8064241541850368,0.025273072272084918,0.5947219003914956,0.013612489641066402,0.9804300051129407,0.015376903330435438,0.19304032848884914,0.025288530920564205,0.32194129124295323,0.035671198084565876,0.5380883439575854,0.0417444598150449
,0.5,8,10,0.7754521829334875,0.020175410893668873,0.8052315993289106,0.026831450137529585,0.7274954218096762,0.025841897503741832,0.7640915246930569,0.02156262861899646,0.7881722018847204,0.023325035544989447,0.7352896973890266,0.018196981389227436,0.9132597042643494,0.018310442875451145,0.5198541890685948,0.03373512585720147,0.6620193450306714,0.02994795478015297,0.7926112995363639,0.023046843971030094,0.6028634090738159,0.012604894781227829,0.9735803342524247,0.012647291700453,0.2113268941187343,0.024407230401901278,0.34666909310503735,0.03313795998704852,0.5639223395737425,0.03632112134603661
,0.5,8,20,0.7873907988125503,0.020388027134440517,0.8209544076608226,0.028416689846731485,0.736140723272723,0.028052046010110826,0.7758306060480484,0.022035336680681316,0.8021761389180874,0.02400880059178293,0.7387179097112557,0.020300650224019754,0.9275252818115044,0.017013813110372422,0.5177446929896674,0.03851624880686933,0.6638162301678002,0.034059569008851896,0.7999501799511193,0.024911303088593652,0.5986114389191195,0.012942320456602662,0.979974785691087,0.01478799944413838,0.20111884807786118,0.024190699582337948,0.3331742406908652,0.033660343318302546,0.5506148430007265,0.03857757998956145
,0.5,8,50,0.7939047013591052,0.01919735876513546,0.8316723252395436,0.025766859515104483,0.7378490789789003,0.030482557989358568,0.7814961107989582,0.02183117471603367,0.8107171388126952,0.021868656456867325,0.7386531082280735,0.020073944919223964,0.9385701695769264,0.015899374861221713,0.5104939253275449,0.03697326047299801,0.6606691346839509,0.03352997330158424,0.80303862688473,0.025004971293599947,0.5945036941462045,0.01426396070150067,0.9813706531180925,0.01599050185729603,0.19242669722896874,0.026990981515354662,0.32101512326757053,0.03802382837957289,0.5369886516559537,0.0442909504576498
,0.5,8,100,0.795537486362494,0.01875401319831041,0.8346962188919818,0.025651090795569195,0.7379746764194596,0.030493940623041334,0.7828760074384062,0.02140276401742402,0.8130275568723734,0.02146520324268401,0.7383064502977308,0.021424425883518616,0.9408799417750029,0.014866270493266637,0.5083683297163549,0.04101957829928947,0.6592355722100584,0.03672320447339721,0.8030697256186483,0.026137762032902433,0.5919728797383181,0.013521445049538783,0.9821868542878132,0.016558240408676893,0.1871188595546747,0.025366594058111366,0.3136890873246341,0.03607361745039277,0.5289527100017628,0.04267770020080656
,0.5,8,200,0.7973773775028479,0.018336291968872185,0.8374297286907098,0.02617197169264488,0.7390306280276004,0.028679001376776623,0.7846946528906407,0.02048324279611689,0.8153744082938552,0.02149911314441599,0.7372265937296216,0.020825892841554124,0.9408422519524384,0.016331727146618496,0.5060381796619786,0.038621260752208945,0.6573985372130956,0.0352387372535724,0.8020402849016157,0.02625288221154789,0.5912603364295091,0.013745420913792297,0.9814165090101838,0.016370054289604974,0.1858209813989099,0.02596727935408883,0.31177497420662315,0.03691931147697196,0.5265442914225126,0.04363301973822333
,1.0,1,10,0.7655688845595353,0.01768167200400361,0.8060321643314768,0.019176396065363442,0.6996377049563682,0.028672587729600137,0.7488044117814063,0.021396003760910408,0.7820421633795048,0.01869826976401069,0.7262226068842212,0.01873919442340687,0.894970678114768,0.016018779166093938,0.5125891666416259,0.03845020550062024,0.6510257084263665,0.03295676723277233,0.7778754977915558,0.022906028652276558,0.6029446697562978,0.012809838843500383,0.9660542493097386,0.011818430057636553,0.2132570929181367,0.025218693256805497,0.3487300066862614,0.034059274607937305,0.5644915955377268,0.03695012325796689
,1.0,1,20,0.7824196183723056,0.01992208558317615,0.8222248151232261,0.022511618146854526,0.7209124036429317,0.029940985003444758,0.7679613514718283,0.023193965428219308,0.7995434822646947,0.021439522629580366,0.7371087225755935,0.02088983805478537,0.9151102687282979,0.016554973523029638,0.5225243680911672,0.04051162293831318,0.6644089793986422,0.035348554881890364,0.7946723198800807,0.02533991838372686,0.6022345417697329,0.014469940319139589,0.975770165520251,0.015600933181535374,0.20942342792829632,0.02738494708034348,0.34410666102708637,0.03759304270577846,0.5613977986814852,0.042177384109499366
,1.0,1,50,0.7956492021575122,0.019050946719915862,0.8362125534841441,0.022802683341310814,0.7359023105845225,0.03232050412163491,0.7824166391769642,0.022490075596985837,0.8137037774884563,0.020378859699827057,0.746306312228022,0.022152735301853976,0.9347270837339302,0.014866243528103664,0.5292677869762962,0.04151396599636045,0.675085106422953,0.03657249801481262,0.809691398228189,0.02634819358562263,0.6023997877590321,0.013400718043406524,0.9800497848638446,0.011935291971357311,0.20889071047859073,0.025838674546735812,0.34369728707431657,0.03547932968610932,0.5618740929532953,0.0395321456774655
,1.0,1,100,0.8023765517523345,0.01966312653130327,0.8428545939205165,0.023125818472757725,0.7438490623199956,0.03163298118050142,0.7898672928835613,0.02288122797647714,0.8207143692053025,0.02100919501731871,0.7459374247879722,0.020256688677898864,0.9409990707729718,0.013897292179438364,0.5244968477320273,0.037505928472828,0.6729342089901299,0.03370803804344434,0.8113199671520581,0.024673146920477434,0.6003873732733067,0.013948825082700277,0.9819812146292801,0.01358257058447049,0.20426109556715627,0.026035054989037278,0.3375279851434473,0.03614777460460654,0.5556210205569279,0.041288898165292964
,1.0,1,200,0.8029704510563935,0.019259193327852083,0.8431981857959746,0.023849044061082916,0.745048673393556,0.03255115223495019,0.7906169570772743,0.022588695101044786,0.8212117098311863,0.020888195002940122,0.7477860949664819,0.02099126760144207,0.9437590779889575,0.013956341030743726,0.5267083108803171,0.03926211547852296,0.6753862014597389,0.03498641950452273,0.8139363488784515,0.025211829955574968,0.5996521405692466,0.012973419919828458,0.9834510682334983,0.01280450614023308,0.2025030671395271,0.024429910441251198,0.3352612042086419,0.03409004238849641,0.5535151051184382,0.03915824523707616
,1.0,2,10,0.7726713111341075,0.01981655087503975,0.7980342695156054,0.024309983535169208,0.7307910359832236,0.02774619686478667,0.7626247462799617,0.021663148004864297,0.7833994358678603,0.021827611828876336,0.7381843329328159,0.019314808169662172,0.8979532489765919,0.0168274650584323,0.5372145670402787,0.03584942327913745,0.6716929229702373,0.031305775875208684,0.7910501210639541,0.02350146865139247,0.6150458382930684,0.012641370763604302,0.9664258188411482,0.014193139134787546,0.23815843237190504,0.023256245271333895,0.3816859907375465,0.030566239108502802,0.598551567330739,0.032416296651698207
,1.0,2,20,0.7864291675080695,0.021319569275664134,0.8176936713297014,0.026967520059206454,0.737960524188663,0.028584692346168665,0.7754528734729623,0.023233612191175198,0.800164860567347,0.023996521112209374,0.7436766394736424,0.0192220441699968,0.9189688989362927,0.013709716344296633,0.5343188880821088,0.0372518726329911,0.675077489909698,0.03207311191426022,0.8025872797663247,0.022468186283636414,0.6103272332323517,0.012972968729306807,0.9758847095939934,0.013329578227143124,0.2260558009707639,0.02437115039201497,0.36653482973269486,0.03242745572478481,0.5852781038796723,0.034748711840181294
,1.0,2,50,0.7991233248609211,0.020460535423725012,0.8370274634269099,0.025638985996893723,0.7435711881624658,0.03040546046048563,0.7871478608596018,0.022976602580044216,0.8162258701267644,0.02270041063481257,0.7467447776479494,0.020534367341751226,0.9340601231106584,0.015360475086104115,0.530694853569864,0.03772347806532079,0.6762133166488259,0.03381492175950987,0.8101066987881463,0.025022984398374734,0.605343993001701,0.01287670695998227,0.9807950899845679,0.013475399397211952,0.2147091600410473,0.024354992919809217,0.3517212575487965,0.033309296564042676,0.5707836229999088,0.037102867801847676
,1.0,2,100,0.8024937293280952,0.01912668870521556,0.8411230479731838,0.023986412765814424,0.7464094898409324,0.026889107318427204,0.790650120157606,0.021193647487590787,0.8200969961273472,0.021340178239084805,0.748793417426427,0.020610576429537987,0.9400184545393167,0.015225468933815626,0.531240988876881,0.03784504044678021,0.6782054794720749,0.033903051614221975,0.8139313938728421,0.024954016302745477,0.603710469456923,0.013157454835440514,0.9831641192505278,0.013647397666440169,0.21081811499645822,0.02465742844787629,0.3466067052975478,0.03395921967826204,0.5657927799280122,0.03829805914239819
,1.0,2,200,0.8040179476608029,0.02006683349469569,0.8439132004375013,0.02488824762996016,0.7465619072297267,0.028797099386188962,0.7919334957862563,0.02249114576634387,0.8222303986169688,0.022292633051045285,0.7487003619616328,0.020938384428679378,0.9433360839754575,0.015486155163921428,0.528860008159574,0.037716249308288805,0.6771530784288323,0.034333342327131075,0.8148300586993317,0.02582619323147772,0.6027254404840209,0.013136041839888245,0.9816809206883562,0.014107834751361749,0.209114072261492,0.024300301185658135,0.344233814491196,0.033547721894707276,0.5630107904407304,0.038063694806529456
,1.0,4,10,0.7777769942962643,0.017435312776700615,0.8037296403217684,0.020731315972955123,0.7355629636883999,0.027384798317140156,0.7678334021217121,0.019779026044764166,0.7888929601703994,0.018733416048325825,0.7408819751512468,0.016066425031778138,0.9082375900663825,0.015968683548878326,0.5359503062938694,0.03137881469888647,0.6735935854643481,0.026372228835515835,0.7969014235046677,0.019034095221348937,0.6143167344761945,0.01186801670797716,0.9683045044398544,0.01368433943033018,0.23617404727914462,0.02175314640113538,0.37933133849960127,0.02870539884943839,0.5967378727681212,0.030654698005422025
,1.0,4,20,0.789778202702056,0.0183902538602556,0.8208644199974995,0.02382882016280287,0.742029598363892,0.026498062454225035,0.7791386236828315,0.02018701045318723,0.8035607616487935,0.02073442155265846,0.7450370905400799,0.018374504007705014,0.9272785886414635,0.01722827257586914,0.5317976859718468,0.03572075362329953,0.6752650420791266,0.030718341905916043,0.8064718879346966,0.02203483541262976,0.6079015517653749,0.012840773380313135,0.9709313191456876,0.015206323283302263,0.22224713664891088,0.02389758610620915,0.3611810476869348,0.032255715502884315,0.5787322426313688,0.035429673840159666
,1.0,4,50,0.7981037731955734,0.019865413091380065,0.8354398523272222,0.024765434176244314,0.7429606366203826,0.026654957503780982,0.7862266764553331,0.021885518575309786,0.8149582392006526,0.02228371578110426,0.7471368588815588,0.02156916259577091,0.9376070512383411,0.016167869980193553,0.5291936775630379,0.039293917634242795,0.67587393675583,0.03530985074738637,0.8114864911726724,0.026242733349577906,0.6055374681288438,0.014417875961656581,0.9797866471523944,0.013708098338061366,0.21526937128803403,0.027076464785151997,0.35229266176872,0.036757559678583795,0.5710101379192883,0.04052080860953899
,1.0,4,100,0.8013283693701979,0.01892921527859193,0.8401427480844811,0.023753476380658615,0.7448485967828523,0.028085615866660304,0.7892980027701977,0.021328938618439836,0.8189433205461739,0.021041290785170825,0.7469266249165724,0.021396118424537484,0.9411290122137768,0.015526034561901762,0.5264692414714534,0.03883691362263876,0.6745722324902995,0.035255809873369855,0.8123177195201686,0.02632810937752855,0.60245835255369,0.013730923314755531,0.9800288723401464,0.015589587730224608,0.20888639439985296,0.025146882037490617,0.34379867447523266,0.03479444334966296,0.5621766673407294,0.03973050342227474
,1.0,4,200,0.8032281088462696,0.01793314133450373,0.8435441529914023,0.022460152248307913,0.7451402621652637,0.028627300378811695,0.7909261511446081,0.020573254386529276,0.8215717615187266,0.019631682686642973,0.7488199757116539,0.021863615922454588,0.9440907606260414,0.015617078536722022,0.528612855779033,0.039583900082130426,0.6770803970802882,0.03579484471257874,0.8150930010895481,0.026660737958266467,0.6024620986845213,0.014165378006861542,0.980362115891392,0.015612807589813496,0.20883685148257974,0.026289818195332028,0.34367670044982845,0.03627510778129943,0.561981704779394,0.04111326820341478
,1.0,8,10,0.7793244960400505,0.020517228807192322,0.8116844286198088,0.024985647657877343,0.7280498117083809,0.029976531488990283,0.7672410950115409,0.02296253409498914,0.7932041440026929,0.022516490378997996,0.7375254326928028,0.01905886998400153,0.9169383975684404,0.015882392869251038,0.5223854681238703,0.03863579211923694,0.6647660239141129,0.032867767261881814,0.7956975399290568,0.02254454586796253,0.6066937764657284,0.013733702671589906,0.9735176427756542,0.017585276909813836,0.2191303352815866,0.025602347377338974,0.35712773608324844,0.03465814969834555,0.5749283245090039,0.03823713910826279
,1.0,8,20,0.7894188491549204,0.019612324743241292,0.8237354743239985,0.02349558859418912,0.7369235525383736,0.029300675175452092,0.7775893535310331,0.02212964857922278,0.8045428745214318,0.021278254516683737,0.7405553436250062,0.020031620441386674,0.92946996221003,0.01527078842910394,0.5204111160985324,0.037928127086200435,0.6665496538601656,0.033706732151164744,0.8024258638283935,0.024481591155339637,0.6025855944300222,0.014361943213967738,0.9772161745336649,0.015855485137103068,0.20982004358666034,0.026964217599673594,0.3447652426644261,0.03698985703834205,0.5624471023166724,0.04143034729547001
,1.0,8,50,0.7968664635535241,0.020244632118912337,0.8358171360799084,0.024502407613952244,0.7394655511055316,0.03150954162394455,0.7842931064692787,0.023207999009285035,0.8143008167718234,0.021999333416920737,0.7431905748769259,0.020543730089490363,0.9376766138684595,0.015807565958564557,0.5208252209328281,0.03876634471067422,0.6689534462344927,0.03449724285868339,0.8074614713813204,0.025006883390520526,0.6002306985992408,0.014009590386573546,0.9799874734518333,0.016912674873583496,0.20436255520353624,0.025862357172868364,0.3375692805100736,0.035924774964291195,0.5553236116719031,0.04119211636473454
,1.0,8,100,0.7991225307957242,0.01879737542230754,0.8390225792429675,0.023897943022746008,0.7409649813838494,0.030175015068946105,0.7865336960604328,0.021622035858516884,0.8170879430488609,0.020781961743705106,0.7436867985820634,0.021211830770064204,0.9416643919404285,0.015133988513711071,0.5192582769138534,0.03904338879133642,0.6687072912165474,0.03541004473863277,0.8091065233430307,0.026162286429661855,0.5994974224519914,0.013956551149634504,0.9804339697374577,0.018124675335040183,0.2027594685674276,0.025552210760053033,0.3354187823127121,0.03565760021245323,0.5530941656317101,0.041244293065575366
,1.0,8,200,0.8010312766150598,0.018380264748341778,0.8415789789523324,0.023725649770820076,0.7424009089083338,0.030122921918083367,0.7884533201591589,0.021165263845227864,0.8193680651457085,0.020366096166255038,0.7435609295868091,0.021038999745046943,0.9425245878864666,0.015126326488238858,0.5185538761811789,0.039897126459504224,0.6682459367403846,0.0356628603503479,0.8091635774370183,0.025648173109852554,0.598412230822096,0.01356719958897015,0.9813055886210339,0.01770671673923054,0.20037600124314156,0.024860003390977704,0.3322170386424206,0.03478989667789585,0.5497910597604927,0.04040708127867823
