max_depth,max_samples,min_samples_leaf,n_estimators,acc_0.40,acc_0.40_std,precision_0.40,precision_0.40_std,recall_0.40,recall_0.40_std,f1_0.40,f1_0.40_std,f0.5_0.40,f0.5_0.40_std,acc_0.50,acc_0.50_std,precision_0.50,precision_0.50_std,recall_0.50,recall_0.50_std,f1_0.50,f1_0.50_std,f0.5_0.50,f0.5_0.50_std,acc_0.60,acc_0.60_std,precision_0.60,precision_0.60_std,recall_0.60,recall_0.60_std,f1_0.60,f1_0.60_std,f0.5_0.60,f0.5_0.60_std,acc_0.75,acc_0.75_std,precision_0.75,precision_0.75_std,recall_0.75,recall_0.75_std,f1_0.75,f1_0.75_std,f0.5_0.75,f0.5_0.75_std
20.0,0.5,1,10,0.7186802956937514,0.020169613799462888,0.6636754382187708,0.018679789685570145,0.8884391197049293,0.013260527041389447,0.7596515387908365,0.014716638714019372,0.6989799512638136,0.01725255654739231,0.7724975520877773,0.019671372167250713,0.7959199255373794,0.024622734804728253,0.7335683461028836,0.024287781348044025,0.7632445289423474,0.02078925811510864,0.7824589499219801,0.022067131651955254,0.7324548737057669,0.021194220119068963,0.9028435639778714,0.020265574496783293,0.5208034788640893,0.04036378097269266,0.6597615638922468,0.03603212195260559,0.786444327169405,0.027315147836948543,0.6023613442141338,0.012426881619372478,0.9712810622708021,0.014243175583081196,0.2108584436508186,0.02438833996003039,0.3458705255076301,0.03316105128695675,0.5625684297475232,0.03639092737779384
20.0,0.5,1,20,0.7265627853925911,0.023085764742662333,0.6678458250250283,0.021420617580672492,0.9037253974417434,0.014335404850021567,0.7679149800935725,0.01675155855588465,0.7045455689085048,0.019788797519023352,0.7851514452682639,0.021138371797211217,0.8138348333161968,0.028894027163484645,0.7405665447803254,0.026491782898880527,0.7751041082848901,0.022154933033152663,0.7977874758801858,0.024733803398612666,0.7386057680320657,0.022416501819396018,0.9263753004176032,0.017801739695669724,0.5181954045269306,0.04293451035379346,0.6637007621468534,0.038407608305098054,0.7992508469449924,0.028029989800981286,0.5985871431533806,0.014520329736651951,0.9749947984183388,0.01859864735474668,0.20205524104626468,0.027056563535010517,0.3340400113569012,0.03770391122111046,0.5503862246285987,0.043545126818000025
20.0,0.5,1,50,0.7324184071050865,0.024219717959109502,0.6714536081395369,0.022646474471800845,0.9127384336157016,0.014090457490150117,0.7735304575000743,0.017433227442028944,0.7088419569782861,0.020855960044178293,0.7944951558200728,0.02000814506776935,0.8291277926944993,0.026160296954107938,0.7428015698474728,0.0306901724624912,0.7831355604548577,0.022496677169405708,0.8099698034956282,0.0226108458631797,0.7402948003739832,0.022884624817026276,0.9342769649148138,0.018442703494887393,0.5167995430951215,0.04446201439957852,0.6644523276180239,0.03978008907753053,0.8031359093954389,0.028791851341750656,0.5945799109419111,0.017373664344744154,0.980999526039622,0.020196349674218135,0.19258244253953866,0.0331019682942088,0.32082366908033133,0.046317831519664204,0.5360127627624619,0.05341454358002195
20.0,0.5,1,100,0.7322873519644777,0.027974173903352502,0.6705499560383549,0.02564615311752149,0.9163878043647558,0.014174936899355114,0.7742200185397825,0.020143106207707855,0.708466102955113,0.023822763704847764,0.7963865678760605,0.020427354614374105,0.8302420057989413,0.027431743712268544,0.7460911547459382,0.029263994245251584,0.7854954420977249,0.022452463432839458,0.8116275375108474,0.023559503531624962,0.7414229724445325,0.021992568414785026,0.9400486878007401,0.01758658651057686,0.5156265212546338,0.04274519923684132,0.6649921801393782,0.03829694860059181,0.8060352543553453,0.02753847862029301,0.5936349215984771,0.016148043857096398,0.9804063040888252,0.01847106945086074,0.19078012567533717,0.030569412190395315,0.31844572718567843,0.043081754836059055,0.5335175491820199,0.050266266967702686
20.0,0.5,1,200,0.7344300012363547,0.028144223665322425,0.6724226998378383,0.026182130451892285,0.9176545216361258,0.014173319459716891,0.7758851675846493,0.01999938902531366,0.7102729236640166,0.024121423033412446,0.800718528114915,0.01941756193630911,0.8355946964752923,0.027380304066916293,0.7498228684039264,0.027771218321000362,0.7899543091165462,0.021042570366725376,0.816600067666403,0.022890071555158892,0.7408075981343075,0.019382363026838316,0.9426877330075559,0.016165974498638973,0.5127151077330097,0.037414671892265376,0.6634395794695189,0.03367046411117041,0.8064095595780565,0.024430985705760157,0.5907702371650896,0.015210007299480844,0.9811589030530428,0.019608507899673003,0.18478967655625636,0.028551568051492573,0.31016534861802436,0.04083228434016061,0.5243684855212427,0.04885785033842692
20.0,0.5,2,10,0.7223876698484093,0.021510679147946538,0.6667927065692278,0.019239690846170037,0.890634190118918,0.018655175009010035,0.7624797507952316,0.01657322433600877,0.7020101490219772,0.018148323690577423,0.77057569317216,0.02055490248210401,0.7947228950415637,0.02374475103118917,0.730278064582216,0.03337897274176896,0.7606982137263254,0.023844268968452657,0.7806346692074113,0.021917592802607834,0.7326626350500496,0.016109453116477924,0.9043815177326169,0.017508068672008652,0.5207383416197316,0.036655876713005645,0.6600164661903876,0.029463489029829874,0.7872491552199711,0.018907952111232425,0.6041328334910878,0.015078509050792036,0.9751500737236807,0.014416924289989788,0.21355414013106344,0.02935714387455644,0.3494909626999193,0.03964211341956266,0.5667714081900245,0.042910265724862236
20.0,0.5,2,20,0.7263454096989691,0.024928266598223076,0.667623177501169,0.02274170393221751,0.9039582700686013,0.01686950194267564,0.7678315973593529,0.01832391427172431,0.7043657280498478,0.021164407197817477,0.7878284035758936,0.018499414495090346,0.8173010283826955,0.026358619649558778,0.7424535030457677,0.025513585771170473,0.7776991341142757,0.019642676450330812,0.8008830883899934,0.021973378918274732,0.7397391472289419,0.01894557724491192,0.9255537872789781,0.01673275367144467,0.5215205536361472,0.038765321859014885,0.6662583061063037,0.033289456115927,0.8003949996012054,0.022884005140500315,0.5976154201748592,0.016742277853180436,0.9773581182836107,0.018163519832892404,0.19965703780492108,0.032461426259842496,0.33046145255684845,0.04479882179217873,0.546162960831975,0.050253172257601425
20.0,0.5,2,50,0.7322769385919637,0.027670512294476406,0.671976274959091,0.02581738734331956,0.9108134064321435,0.015360626892854713,0.7731399581370969,0.019938562391489462,0.7090531220810219,0.023815256813640984,0.7966062750873493,0.01938131788554172,0.8294611370143858,0.02661588350787487,0.7477570723376444,0.028064587019686577,0.7860690428816479,0.021122970990161496,0.8114255170732909,0.022510543545446408,0.74204262656214,0.018731046470049986,0.9392928445877157,0.014449061739193863,0.5175463252449533,0.03783917866295887,0.6665631794570059,0.032993192251605755,0.8067264545059853,0.02260473829986232,0.5934036157258797,0.01680646707283003,0.9803640441219251,0.02020352845298512,0.19029902309757932,0.03176807451587196,0.31768898740166807,0.044844430683250516,0.5324948233537888,0.052442391350176955
20.0,0.5,2,100,0.7327444828738789,0.026917158266657193,0.6717927531769723,0.025537201580999428,0.913581537792755,0.013616286064028886,0.7739923991829902,0.01887996036261532,0.7092138979770415,0.02329620273844238,0.8010367651756981,0.020584009568961635,0.8372175378662972,0.026656412418379016,0.7482523996390151,0.03021363822271643,0.7898124047547584,0.02289243327525347,0.8174698577707646,0.023251293191966924,0.7423761655449487,0.020191651261879044,0.9429521224425296,0.0153801476408567,0.5160053458815275,0.04087151414076874,0.6660481566620174,0.03567567425047685,0.807949850378019,0.024284163510091068,0.5914016971863479,0.016321886053677095,0.9830540787486516,0.018532113631588503,0.18572244974318788,0.030919831185334243,0.31141586077144,0.04387541185627815,0.5258363794561911,0.05162208240517007
20.0,0.5,2,200,0.7344648399119909,0.02744012879093294,0.6728873027407716,0.025762029502947485,0.9159068885031747,0.013528898116703101,0.7755684110269336,0.019402441868892093,0.7104774157698722,0.023636435072507924,0.8015338145936856,0.021516793317288986,0.8363729667692319,0.026799089616499863,0.7504759900666987,0.031169852235991467,0.7907001847906399,0.024058974591542173,0.8173738569979718,0.02396386056363553,0.7426286340492226,0.01873033607955085,0.945518487118419,0.015634132372565803,0.5148456075103567,0.035818585746370375,0.6660047969392172,0.03224910545140512,0.8092173250488797,0.023519695587433886,0.5916370790939816,0.016012751917930265,0.9834350917400453,0.01884585205672085,0.1861064521502234,0.030204719141625865,0.3120359098534077,0.04298330455388616,0.526719969117251,0.05091211459134369
20.0,0.5,4,10,0.7217331737573481,0.023920864770528044,0.6648673840001849,0.021984643445449994,0.8964177067775504,0.012985189686297744,0.7633279309297374,0.017468199810605302,0.7010148841026687,0.020447015688438982,0.7775813910666876,0.020005395898693174,0.8023153095271536,0.022203076779290298,0.7369967905276218,0.02943273748546439,0.7680017921175561,0.022668199016027405,0.7881555480238922,0.02118318375252289,0.7332044898004243,0.017813994334002856,0.909917995766748,0.018568735306101994,0.5175490031614933,0.032814642151261966,0.659292740706909,0.029572358629779347,0.7895428783516036,0.02313643122594001,0.6012897698218176,0.016941406576850556,0.9747432558165361,0.01927046602221783,0.20759163388289506,0.032057523605498295,0.34128345271174243,0.044381620742834194,0.5576646596625341,0.05058240185552507
20.0,0.5,4,20,0.7269014710143248,0.02315288402790895,0.6671064682469424,0.02120128466884471,0.9079271834223606,0.014433856757801459,0.7689534123643618,0.016969330134581042,0.7044030345817716,0.019730488935865792,0.7883655069571598,0.019218524424213415,0.8166472350676838,0.023891403474835864,0.7444605620376552,0.030705954018069977,0.7784649402154284,0.021898622068523093,0.8008183780895937,0.021097425027170796,0.7382759572502489,0.018989680038609652,0.9268919608970032,0.017116330916749526,0.5172488720104511,0.0361669625993075,0.663310495164118,0.03230662237795402,0.7994029031573129,0.02399384339478357,0.5951815033421204,0.015011647309969615,0.9781662798121662,0.020863984931671457,0.19443513174063776,0.02815834401762413,0.323592345564612,0.0395707796966614,0.5392238981948049,0.046114145818222874
20.0,0.5,4,50,0.7302761342458023,0.025011735779297863,0.6695095366385617,0.023256112357297846,0.9122665535074985,0.01524584424664577,0.7720490938808251,0.017965723233842545,0.7070411642727921,0.021423850292093836,0.7947458242178425,0.02032323818558484,0.827345020678686,0.026392137804580065,0.7458391445361237,0.030942286773162842,0.7840333526791199,0.022837434836904872,0.8093352568144614,0.02296457373429089,0.7417777282711779,0.01957078458224166,0.9406018997878614,0.014429996806696103,0.5161349984948551,0.03932977540660632,0.6656611871368541,0.03447909605888762,0.8067392845020047,0.023643534177651315,0.5930970519188563,0.015782883282529303,0.9793870577201769,0.020305807174468667,0.18991928764800697,0.029840643343031638,0.3172245997453106,0.04207726788208881,0.5320249995719545,0.04913775956972795
20.0,0.5,4,100,0.7331276065404964,0.027673222132822153,0.6718000406861648,0.02573197780456449,0.9148697008868394,0.01603246628018459,0.7744725742638743,0.01991870403099116,0.7093820834616638,0.023744613736507082,0.796934090076355,0.020482743273388577,0.831524787255033,0.02558700464449056,0.7455972313809939,0.03334234007513131,0.7857188936902666,0.02367610569066622,0.8124365997236112,0.02257396003501468,0.7405107077133188,0.01914357827790542,0.9443992848523501,0.013591528700159367,0.5111260624783591,0.038784591371434106,0.6624074548163001,0.0340959328574555,0.8064768599372941,0.023103203730583236,0.591959833497193,0.016594206460792415,0.9805024664148554,0.02004933393441815,0.18733575925245394,0.03139965195300352,0.3135439539878792,0.044463963580943434,0.527811603047294,0.05223876146402199
20.0,0.5,4,200,0.7332244218673153,0.027560655458587623,0.6714406629228366,0.025674758698328956,0.9167253748228289,0.013791530566717366,0.7749066983869237,0.01956047136450474,0.70928854090733,0.02363525429152647,0.797399973214216,0.018638632209478697,0.8321473092147619,0.024483386094796295,0.7459833152083946,0.03126074705050799,0.7862223379590074,0.021538209374570433,0.8130105361257408,0.020874372798244892,0.7411144643248606,0.019650976409793984,0.9459469522903843,0.014219655282005176,0.5113972646763665,0.038847796892770306,0.6630536934220495,0.034566018882481384,0.8075594196044269,0.024095512583909368,0.5914417813867726,0.015786290559585137,0.983984533926996,0.017260552409800976,0.1856543872677751,0.03010241731475647,0.3114074132420296,0.04271668836311663,0.5260624673290054,0.050221316910438615
20.0,0.5,8,10,0.7209414730033535,0.02402298317694201,0.6626778524225431,0.022594535785438186,0.9028696582023341,0.010550651699486307,0.7641549589302107,0.016619089845440305,0.699823287619558,0.02061139717555456,0.7798259442509545,0.01920308149347612,0.8064427822174448,0.025544638439221633,0.7373533059506858,0.02812044629602452,0.7699552389998043,0.021021384939544186,0.791333562027632,0.021949144846967448,0.7337326770338207,0.018113674188626014,0.9174206380992087,0.014109746129644336,0.5137071375663282,0.037209512190684566,0.6578340348212789,0.032402037662517806,0.791909571255583,0.02224226417494449,0.5971167963447558,0.015694676197852267,0.9759715597810766,0.0169447695548426,0.1988225163176554,0.030015979360540172,0.32942692203776264,0.04222224791850903,0.5450532914936634,0.04922426500462135
20.0,0.5,8,20,0.7247271600540025,0.027441979533081542,0.6645764391913167,0.02465255731668022,0.910356128937282,0.013437739726348224,0.7681139654165554,0.019737521473498162,0.7024244802558361,0.02305184538416637,0.7879944446550957,0.01817865260558694,0.8197518456784391,0.02650893405277497,0.7395828933487114,0.028277606140106316,0.7771078538283899,0.019884740221056553,0.8020079534000619,0.0215855853270002,0.7366925817748687,0.01898524709236917,0.9311332278947532,0.017196409719825848,0.51103325869232,0.035397487546916295,0.6592818349836068,0.0323404701804439,0.7989488512917073,0.024615693984725708,0.5937662772232724,0.015569201067553032,0.9808521663044838,0.018308416713443902,0.1909939252105721,0.029490121371774855,0.31883170569944885,0.04152827594019591,0.5341522405929231,0.048353417477483125
20.0,0.5,8,50,0.7279424210455401,0.0261636105702922,0.6661811790516023,0.02428241415136677,0.9169728762559421,0.011647493804357669,0.771495179817286,0.018175997664299975,0.7046243416864684,0.022281534485313406,0.7956508750053859,0.019983696375664627,0.8297587426987058,0.02807194592133362,0.7450080755187191,0.02734830141076937,0.7846890118682035,0.021499951463451482,0.8110090015900239,0.02362986436559777,0.7364634147493574,0.018316571519520777,0.938860773907553,0.014618064377023721,0.5058557478318976,0.03663235742910976,0.6567067073661921,0.03256858104093576,0.8007267728253099,0.022866476084050576,0.5904909107852367,0.01549764269874527,0.9827152719528716,0.019377197987078383,0.18396994354424506,0.029291725049362016,0.3090157029795982,0.04163309263099228,0.5231964606385004,0.04914055447363668
20.0,0.5,8,100,0.7286221167406349,0.027279918803098224,0.6668598957332108,0.025367686651232065,0.9172430244273017,0.01217918063038524,0.7720187079106149,0.01885755943829316,0.7052506744189833,0.023234885633383478,0.796019816748844,0.019420422738055918,0.8311483033703151,0.02759532122937407,0.74412128108649,0.028608694227596262,0.7847584612230517,0.021232786521369982,0.8118178816209974,0.022921766137216967,0.7375864740419702,0.018493242890373733,0.9414366509524147,0.015812960774396256,0.5067356240654015,0.03713986842812003,0.6580414373137172,0.03272354971242714,0.8026271797619712,0.0228596541102178,0.5887498755922107,0.015470141719437615,0.9826220181465427,0.020671257917136514,0.18039111846708208,0.02905742653838966,0.3039385334006222,0.041780275963877345,0.5172837859677129,0.05040016687155532
20.0,0.5,8,200,0.7286644809005626,0.027075871717279362,0.6664163468004882,0.025041430997443243,0.9191326731274788,0.013264568475136983,0.7723930917459596,0.018832419596914046,0.7050783921032391,0.02299132426565505,0.796975019561782,0.01970525020167834,0.8315296876487149,0.02767999763157977,0.746005075413447,0.02936245118656054,0.7859630183298593,0.0216438890735213,0.8125485815088886,0.023107696059034784,0.7378786425700435,0.01866938567652749,0.9434958813970423,0.0158530904155291,0.5060732318659813,0.037000505799480304,0.6580068451953279,0.032861365107699464,0.8035158953295426,0.023257435434887893,0.5884867736577619,0.01524793765161155,0.9821383157507064,0.02015183638408091,0.179971597904067,0.02871767780168857,0.3033296493495096,0.041254447499395004,0.5165180888352088,0.0496391040562526
20.0,1.0,1,10,0.7190443949330011,0.021233932115554213,0.6647786045599082,0.019060715599584152,0.8851447286487645,0.015438295160239934,0.759190776969952,0.01627873767944604,0.6995613471127421,0.018033242374492005,0.7710335318468069,0.02194920394596706,0.7954778907828727,0.02740127270276705,0.7304950573002997,0.02806799456688224,0.7612875522732259,0.0234925331674072,0.7813540057819944,0.02455857361870385,0.7375082426688835,0.014894701768908059,0.9063205296400538,0.015832584265614114,0.5300217011282918,0.032409810711634984,0.6682127908532685,0.026382620801272245,0.7929091701028714,0.017592266211107228,0.606177500829573,0.015026321841017532,0.9709765930463895,0.017786657639807787,0.21864311263005795,0.02859199152883009,0.3561286846502525,0.03878091285424059,0.573050811158183,0.04279104838135674
20.0,1.0,1,20,0.72870003354322,0.025011322966179986,0.6713350267707358,0.02314431404737857,0.898563912565965,0.015752569686213063,0.7683191605450054,0.01838017381835555,0.7070053530113339,0.021468966790145348,0.7871914842537266,0.0206159793168419,0.8164002623836495,0.024112721429133392,0.7415941408180343,0.030674293059585904,0.7768482604400819,0.023273856766608474,0.8000079606363129,0.022204605846379247,0.7403881210665297,0.019675554481024808,0.9248875563389849,0.014124360631070193,0.5231745730660367,0.0392277952055226,0.6674980463953565,0.03432978069141765,0.8008413632086737,0.023833352882487308,0.6029853049081442,0.014336610329073782,0.9778830297171366,0.018637540444186623,0.21045294641568799,0.026451019249986243,0.3457148464890886,0.03646586759285548,0.5636793187547502,0.04141730662365443
20.0,1.0,1,50,0.7348237651160603,0.025765322652814362,0.6755192199670097,0.024501583449200403,0.906669134879043,0.015942023607450298,0.7739740746599266,0.018675251959168065,0.7116975858234308,0.022454923070028783,0.796596182321002,0.0213430041314627,0.8300371170117804,0.026546222934107366,0.7465911959074285,0.029608034853843817,0.7857631107193496,0.023648123899211965,0.8116459379945409,0.02385112165450831,0.7444265654760782,0.020587218147713457,0.9408264998449966,0.01430859644240757,0.5215871095697954,0.04072957630198203,0.6702248929448208,0.03573962027602145,0.809506046389776,0.024631865122292432,0.6006239950828216,0.015074664603141528,0.9822466179469982,0.018700601944872393,0.2046705461532524,0.02822812600342843,0.33797812518111797,0.03920721798028415,0.5559395393926725,0.04489212225525896
20.0,1.0,1,100,0.7385847915005079,0.026681032654170378,0.6779059158023287,0.02506321107831922,0.9119914844948035,0.01633126994093166,0.7774893626275485,0.019532045530633375,0.714477528115137,0.023133981754985718,0.7980188173633881,0.021733714317467148,0.8332088449929864,0.0269064256670785,0.7458696730974206,0.030240253202529967,0.7867697367700174,0.024178943017685892,0.8138906729049049,0.024258434445283982,0.7459436208244886,0.021649622765459182,0.9442050282434667,0.015931807666006322,0.5225764822474637,0.04101871229639232,0.6719600599409681,0.036932259317667686,0.8120500620625652,0.026760924240435073,0.5984283550908724,0.01578957327325403,0.9836622173170747,0.017320989500367676,0.1998988412024323,0.029876910316222357,0.3313749763354018,0.04162646232968483,0.5487297733978993,0.04772210066307517
20.0,1.0,1,200,0.7408342968580891,0.02793542045415554,0.6800937093787953,0.02639532959180707,0.9125738833345542,0.015798962372180002,0.7791290975135959,0.020431382729125664,0.7164876970476197,0.024344858119747306,0.8036516724265879,0.020121449767540774,0.8404670542015132,0.024504349670897877,0.7501646369575393,0.0301602371497127,0.7923880572589559,0.02283526930712306,0.8204484829878165,0.02208791631750948,0.7467211971576647,0.02064436989085022,0.9455771867835046,0.01457226530874664,0.5234293518673447,0.039847722610475096,0.6730367691664269,0.03549145941913435,0.8133039158673643,0.025155993871752047,0.5968298984524367,0.015721982015292166,0.9836001739968612,0.01764953040207363,0.19666407823168494,0.029791775674330178,0.3268852756236314,0.041714751952457906,0.5437066004410556,0.048186217695146645
20.0,1.0,2,10,0.7237739980932558,0.02335459075301636,0.668298737469303,0.022512267967729815,0.891336305390697,0.013681709691681181,0.7636500648728555,0.016457316737984836,0.7033969141653508,0.02038092250670475,0.779114654458214,0.020801536994476587,0.8070651323146134,0.027679085001853326,0.7348337832306664,0.031728617041504745,0.7687272962141655,0.02302995718723943,0.791134720104667,0.023619752935407846,0.7400112463937643,0.018296830051280855,0.9148785024965506,0.021193463276614602,0.5294833852762846,0.03590170891801335,0.6700087856008695,0.030699253203916258,0.7977899861902198,0.0227760562208367,0.6089139106915974,0.013869949857175854,0.9746431819258703,0.013443144610128556,0.22362046324575352,0.027756261627068495,0.3629603903256134,0.03637168947900088,0.580917807916369,0.03731145825887824
20.0,1.0,2,20,0.7316694218326589,0.025853878928743565,0.6738532989246971,0.024808185692958354,0.9010890722722845,0.015087647217305815,0.7708255790010025,0.018422923586555555,0.7095196252860728,0.02257834784308128,0.7894575979639121,0.01992734394039516,0.8218057491830708,0.026404764708623872,0.7403096653114964,0.03253598618291181,0.7783779006958198,0.022668091737021452,0.8037105530834289,0.022396246548025623,0.7448184678540658,0.018050034295314942,0.9319452224860976,0.01828909027727715,0.5284325496364466,0.03698183872262451,0.6736067037509684,0.03134821621284806,0.8075356136842082,0.021628313568340374,0.6031261679155404,0.01468979589589298,0.9789954345684787,0.01741767224620459,0.2105985729856903,0.028096079681239537,0.345834851954583,0.038218054075431086,0.5637951338647962,0.04208810253827552
20.0,1.0,2,50,0.7355260662800359,0.027156455362442353,0.6753522838252656,0.025142801966692555,0.9099417793143321,0.016749799008899717,0.7750741788093146,0.01997579367120805,0.711961179315046,0.023344182066282467,0.7963345385789152,0.01960635959854469,0.8299022860363732,0.027492743040677833,0.7466696646184399,0.03159359265543054,0.785527763119547,0.022074713088332823,0.8114073982103462,0.022777133605511368,0.7446362051873203,0.018072502160438035,0.9371498303397228,0.013532282275959477,0.5245300427718528,0.03751314801114338,0.6717760981798719,0.031976298595405295,0.8088132814911052,0.02101785281779615,0.5998903355311431,0.015965653378051402,0.9808382276301761,0.020391802754493024,0.20344827728537562,0.029764132327546183,0.3361354518617004,0.041318969135491414,0.5535138633850278,0.04726160073595475
20.0,1.0,2,100,0.7388000831899826,0.028195420076125775,0.6782808472597773,0.026622077850659273,0.9117864316219508,0.015556627975359125,0.7776419096849756,0.020466320429655373,0.7147758642099383,0.02451680505174951,0.8009980176111536,0.0193462268614479,0.8373709009010721,0.024578011664209667,0.7478692242482878,0.03121356686851049,0.7896392215528595,0.022246689456980513,0.8174737161653004,0.021432836410016733,0.7446649047293078,0.018341971314228756,0.9435832287950768,0.014075764917679551,0.520418175348514,0.036162626395608057,0.6701280642159461,0.03193366523910513,0.8107679488429632,0.022314424833833023,0.5994522841358684,0.01637886250054972,0.984470180536209,0.019374916829613446,0.20174828658196442,0.030496158152780225,0.3339686493649584,0.042494904925956666,0.5517427031324679,0.048891478328215804
20.0,1.0,2,200,0.7405141832783365,0.02688498761431228,0.6790980450270088,0.02549369368613528,0.9150372421226205,0.014050772557394514,0.7793756341143429,0.01932198799873384,0.7159085735341476,0.023401866087253753,0.8020515572421523,0.01905630967466277,0.8390281217661529,0.025774685783756534,0.7484594532145603,0.030135450072652666,0.7906865040286531,0.021557023192859633,0.8188648504028769,0.021776072227313818,0.7449199401869546,0.019378087887773954,0.944346759421953,0.013948298617615203,0.5204251961865181,0.03792722983258162,0.6702805874559971,0.03365277414460499,0.8111693941363137,0.023617148214755294,0.5971004174519537,0.015549099475606726,0.983741088326005,0.020983425423628164,0.19714913803176787,0.028898818778700174,0.3276495370413091,0.040656796801075916,0.5447296684962074,0.047548662571131266
20.0,1.0,4,10,0.727683898190962,0.02483400782422984,0.671510210540258,0.023402235901281154,0.8939845843817983,0.01658247966130187,0.766735121148524,0.018363640255670045,0.7065811012252082,0.021583068840646907,0.7817670184539474,0.020928743535692323,0.8106913752009633,0.028070633815315,0.7363902358918335,0.031237454970081308,0.7712555393228875,0.023095455307932423,0.794306351854105,0.023999491962491234,0.7384557172405868,0.01870575141733907,0.9144796868703523,0.019975154291956468,0.5264426784040042,0.039547771108284516,0.6672230571187143,0.033143370263343075,0.7958909304396526,0.02276424321292683,0.6067112917858852,0.01810069747835759,0.9740957688511221,0.01430993562527769,0.21891646386968683,0.03491560570529874,0.35629453450483234,0.04707337628589333,0.5732115693449304,0.051202028469411576
20.0,1.0,4,20,0.7335711587672387,0.02729497013786046,0.6747052486230432,0.026216381237290587,0.9054622346494516,0.014104478286135206,0.7729749973811998,0.019433926471649945,0.7108135366969763,0.02390187387658248,0.7899837875169272,0.021232169341594026,0.822379304481289,0.02814189558830356,0.7408412956646189,0.03165630526078182,0.7789819087758445,0.02357328622470899,0.8043143781420694,0.024223875928956716,0.7437625409195462,0.019077412912931954,0.9318091383913968,0.018935883825131207,0.526060578357459,0.03684913692855354,0.671732263513643,0.03233711483510266,0.8064457139410461,0.023776119447828366,0.6031930371845642,0.01590320315724436,0.9812195844940839,0.01609431873170288,0.21013631712835085,0.030139979642886193,0.34525243564419067,0.04126930028767767,0.5634392233945371,0.0460364447974742
20.0,1.0,4,50,0.7355215683924955,0.02730762615553211,0.6744910460565107,0.025720472363415424,0.9135474830875475,0.014106550060535223,0.7757987576742058,0.019658101810524038,0.7116288703193774,0.0236746133772848,0.7977102215588936,0.022122270581882385,0.833412363763332,0.029222003115024688,0.745159692012584,0.031409364115080114,0.7863592674757701,0.024487516831861632,0.8138030777234206,0.025419442657816316,0.7448628653887056,0.02036511601591276,0.9402760677784995,0.016125672847314785,0.5229636450590742,0.04091425700611895,0.6711686200043828,0.03575257947820492,0.8097808435586937,0.024695703626318434,0.600133955060675,0.01691955648421991,0.9821634265147432,0.02053131647901516,0.20362539504156357,0.031664715664391975,0.3363391968532522,0.043881081180867816,0.5537889805535003,0.05004255442328815
20.0,1.0,4,100,0.7380382175946809,0.02950386795560376,0.6773436398717888,0.028027343324441067,0.9129026960755816,0.01569861265212016,0.7773934788896276,0.02122098442175905,0.7140616669493642,0.02571485712335297,0.7993656697883674,0.019434284719773993,0.8354672863173042,0.027214405868406122,0.7465898233625647,0.028294058395027927,0.7880918754866167,0.021316188151310866,0.8157267210758828,0.02283086755496578,0.7451280095631494,0.020478781558450104,0.9439942962188205,0.017354005444549354,0.5210625389518535,0.03892231148545348,0.6707065570202397,0.03500439962665473,0.8112568603332398,0.02572850937326296,0.5987916338314478,0.017354257744792212,0.9821382319208457,0.0194226115924633,0.20092825949754167,0.03288964856621783,0.3325154549343386,0.04556147014386667,0.5493786451107173,0.05171200196498727
20.0,1.0,4,200,0.7396985938499908,0.02894307223104534,0.6786666164863103,0.02768838751642863,0.9141774493335453,0.01461511060258867,0.7787319864163765,0.020704183970816265,0.715396200477753,0.02532632292293724,0.8013458141554329,0.020424709596092896,0.8393033778367499,0.0270962612848505,0.7462915513193857,0.029991404249923272,0.7896386144040685,0.022810329507504938,0.8185851324852665,0.02342408093431289,0.7452778684368291,0.019849212855709352,0.9445885351506889,0.01533132667775797,0.5210547329845827,0.03869641686552803,0.6708309111192877,0.0342701552859506,0.8115831480601059,0.024248104814517443,0.5976959167730006,0.01631078582776659,0.983614842838936,0.01720698597420541,0.19842516935762475,0.03097531439125436,0.32925420600704114,0.04310140074900236,0.5462294687534621,0.04919239719901514
20.0,1.0,8,10,0.7284327187985692,0.023787870041488565,0.6700114430452672,0.022530899552781765,0.9028324862680037,0.012737174601126828,0.7689987674323779,0.01692004286772923,0.7063523897923663,0.020608003474878546,0.7829893323823665,0.020835941036929092,0.8107514855308804,0.028912926353896536,0.739671007336372,0.030494085462598096,0.7730563609521715,0.022576707558807623,0.7950974701326496,0.024240071507148263,0.7393074165647171,0.01805826557546574,0.9213623508614349,0.01799931844234058,0.5235250904768937,0.03798946867030818,0.6667756001200835,0.03193848574613654,0.7988000955328687,0.0216221228469499,0.6035399593057319,0.014411876986765132,0.9783680771286024,0.016604359292604877,0.21154616790385056,0.02730596395069546,0.3471394575443858,0.03741827546459234,0.565148919036009,0.04178144439506876
20.0,1.0,8,20,0.7323846566564407,0.025288916112603487,0.6723958245223562,0.023953125706215533,0.9092910772985354,0.012023264590631839,0.7728923492324478,0.017833708825136185,0.7092536821563534,0.02190435498379891,0.7933497932406761,0.02153747475472116,0.8249351314812816,0.030636593854546593,0.7462410525202782,0.031544432249996944,0.7830294439520176,0.023295421741756493,0.8074851589281267,0.025403999802206912,0.7418705623873966,0.0180712169394947,0.9350016803906757,0.01421842920095517,0.5199671060969722,0.037251634478717224,0.6674733654177554,0.03198392766852292,0.8053513190259526,0.021317796024102376,0.6006692476874582,0.01587706479552701,0.9817867822568702,0.017820710109146255,0.20493224269946614,0.030360450097635168,0.3381437881824355,0.04166652352378759,0.555764244171183,0.04646872041003233
20.0,1.0,8,50,0.7359693315843249,0.0278786795959556,0.6742828614884303,0.02646454602394583,0.9164800694039421,0.013208325700508396,0.7766857929892566,0.01968265392350855,0.7117835864940074,0.024202012924486913,0.7997932383564121,0.019568933226989032,0.8355137648309224,0.02825318466696227,0.7478670652857468,0.031005711399077148,0.7886885980530043,0.02173707366958016,0.8159704593774922,0.02305657634437978,0.7429353801359965,0.019950770301852414,0.9401536850708518,0.015789224343403154,0.5189258582182722,0.0399964286787031,0.6678316274950141,0.03498397842790567,0.8077948501281405,0.024122931352412426,0.5976228671085325,0.016945853298894583,0.9813403938173224,0.01939631382736735,0.19873399630954722,0.032212603721684115,0.32947329685348015,0.04475480642098137,0.5459143760884473,0.05102676061542848
20.0,1.0,8,100,0.734862058236898,0.028276962019525082,0.673459029096833,0.026719847707950474,0.915502362291947,0.013523098264249286,0.775780640304609,0.019918447388055018,0.7109277241442278,0.024453353601866974,0.799767134273918,0.02056271645618333,0.8354576895161013,0.0272684243446803,0.7476237351030892,0.033359703014503056,0.7885433550659375,0.023541770977493374,0.8158795742289481,0.023250256023316915,0.742724481724632,0.01965386967867844,0.9424078687667983,0.015139789281463305,0.5169984143122619,0.03871155786524733,0.6668824764104014,0.03434836828404036,0.8082804175708583,0.024163850075387957,0.5963351818832001,0.016168520709914997,0.9815356333688026,0.01923329478299598,0.19610205234117056,0.03067545647866914,0.32592612692200074,0.042823601870099655,0.5421483021710873,0.04912689490359
20.0,1.0,8,200,0.7352170423822978,0.027638265557611914,0.6735450094647597,0.026073502053691088,0.9163899299258335,0.014289591202195764,0.7761601915223586,0.01951771156529583,0.7111133927584528,0.023868851785573245,0.7998191444103562,0.019442527971749318,0.8362977574973061,0.02600588786631581,0.7465734230065117,0.03172504882743615,0.7883727224470385,0.02225399388798222,0.816298263438633,0.022036387303979225,0.7434841541690409,0.02025573850404978,0.9453594400321919,0.014519523655516129,0.5167404689450096,0.03950678856280387,0.6673942505186459,0.035245346331947564,0.809874570146461,0.024815519650617117,0.5954772391551266,0.01570276828149786,0.982685049755671,0.01834507314201922,0.19414244405957287,0.02990657724079361,0.32329752286626734,0.041858376146210165,0.539469261322645,0.04817302826641017
40.0,0.5,1,10,0.7305688366121844,0.024554519814473562,0.6842096799617774,0.02398094797964661,0.8584584329597057,0.013931913522048263,0.7613445165760099,0.018792328161226207,0.7130833878867765,0.022119731682089156,0.7663576197492551,0.014547977376669753,0.8074699747912032,0.02386131837239036,0.700470611843498,0.01510446041956465,0.7499379887065679,0.014016939261783858,0.7833623761213687,0.018766275504466905,0.7239719792749467,0.016096823096519136,0.8960837637483445,0.01846058788666442,0.5070974442980926,0.03571230208477779,0.6468035150395564,0.029306151014975544,0.7759238912296349,0.019409129733441693,0.5988286941293965,0.013217346584119802,0.9675753276546537,0.012451544666503651,0.2044815273265504,0.026613878639874904,0.3368244884707107,0.03593927091708663,0.551853101925359,0.03856939728276142
40.0,0.5,1,20,0.7331332935381796,0.025214085862802275,0.6788420961116046,0.023798207890158286,0.887308536562592,0.015798095081249037,0.769013582702285,0.01878506688148691,0.7122182549722419,0.022011227158081254,0.7828966644072847,0.016375506581706844,0.819724471211878,0.023004451536489976,0.7260717728310243,0.022289979476285856,0.7697755147572521,0.017557901106007755,0.7989068611261937,0.019310653549172996,0.7348693201603141,0.016437361349019793,0.916135245538429,0.01713721217498098,0.5173026200863793,0.03478181792732528,0.6604739978205809,0.029092129574109886,0.792893886073754,0.019813776221470437,0.5971050253080962,0.01414999067920393,0.9792742535632872,0.01929256585790986,0.19810542102054213,0.025956605769048804,0.32890920948219315,0.03645129766361188,0.5456530897049078,0.04262103082051551
40.0,0.5,1,50,0.7374235338421323,0.024780406707595914,0.6782202428248321,0.02389498530564656,0.9062889163925265,0.011579322060852807,0.7756335766121424,0.017591720754814674,0.7140614438453553,0.021765891383953056,0.7974674252356589,0.017550960678868344,0.83341050179147,0.02232915747777537,0.7442588262938344,0.02903924653495392,0.7859124804391484,0.020235750975248174,0.8136248136709886,0.019323297867400165,0.7418506990842619,0.019699846900651217,0.9341374164926541,0.01787170977221634,0.5203723542194043,0.038431067378468964,0.6676055695926557,0.03391574061103508,0.8050567077600066,0.024542110109912196,0.5978887253879186,0.015627380788899584,0.9819741837867163,0.01777267629396841,0.19921430135127563,0.02981858568306771,0.33031592445471347,0.04129721379221855,0.5472277180324905,0.046761706102471844
40.0,0.5,1,100,0.7364846926674357,0.026346307027130363,0.6760657144512163,0.025091271130461956,0.911176038090276,0.013629118109169114,0.7759720563568008,0.0187479350480031,0.7127368986484971,0.022937713505062497,0.8007740278049942,0.0195603944385866,0.8365367442866386,0.025632481732546945,0.7484517259529571,0.02918314486201252,0.7896418043372616,0.021850570016239503,0.8170125024793133,0.02219014416431652,0.7425164370460348,0.02035069837784724,0.9398802201881749,0.01698551482372531,0.518093591180111,0.0394046640198064,0.6671566060869554,0.03515025450738969,0.8073277995171437,0.025416144254318127,0.5952397619180878,0.01635959430294185,0.982541079207984,0.018242745048340496,0.19356290476786228,0.0307270652474488,0.32246726123511077,0.043387286430119916,0.5384632986811212,0.05093699873689775
40.0,0.5,1,200,0.7376564201371838,0.026821884182913737,0.6764105960972949,0.02552013518403712,0.9144463442247673,0.013068612964322998,0.777382957272413,0.01905599990983003,0.7134426954301436,0.023348676204587138,0.805161896513847,0.020300761763495996,0.842226901287065,0.025459059435080575,0.7517874164185773,0.0319621486484492,0.7939798585194231,0.023174812773182906,0.8221098723321643,0.022365835105503114,0.7449580310334198,0.0212446331110788,0.9454801685764102,0.015584974154022505,0.5197153072747785,0.04053875512448401,0.6699071460800639,0.03655258867873043,0.8114085643780452,0.026396113520059973,0.5950647517074641,0.01602005838158392,0.9833533840907112,0.019185935790390577,0.19312528719205582,0.030279063373109177,0.32190527144067943,0.04247909737290669,0.5380071379428928,0.049195857302218926
40.0,0.5,2,10,0.726024013365702,0.021516660503360718,0.6727777766981331,0.020345196330379133,0.8820724810069311,0.017464664086676945,0.7631509814615555,0.016146285429933824,0.7062004989620388,0.01868991601433432,0.7710250134023575,0.017270802110624213,0.7968346066207131,0.02313877850237099,0.7284799864173809,0.026657060129606468,0.7607430698607247,0.01899753311381081,0.7818913837754282,0.01960059968937669,0.7340429644582653,0.013842836988347361,0.8980173307917612,0.016680266629037994,0.5285180253923432,0.03263382292236294,0.6646440388023075,0.02566888956521041,0.7870224112536637,0.01603170300364849,0.6083136558021529,0.016768191406457876,0.9651967666385716,0.017902733282583665,0.22441057660223135,0.03221052157547289,0.36316596966057924,0.04308072709881443,0.5788053948150784,0.04656897174592527
40.0,0.5,2,20,0.7284763398269908,0.023201154574943556,0.6718835452646468,0.021414251372029916,0.8951293220839283,0.017300291591759977,0.767431588433333,0.0174713154647947,0.7070708454719735,0.01993776636364804,0.7869408772195033,0.019200884844755146,0.8163427698690461,0.025084060275598636,0.7413787388193341,0.02788335884207397,0.7766664230666037,0.020931635069498165,0.7998882838806838,0.02162419226355291,0.7428386421456173,0.018810836043792904,0.9217888821258704,0.0186986343049126,0.5307895720699449,0.037157673937798376,0.6728993710809329,0.032037542999726165,0.8025758139102385,0.023176947933834676,0.6030956857219898,0.015973955639498764,0.9752727230324636,0.01619557096024944,0.21129639316163215,0.030694706916811847,0.34639960505521017,0.04183514893276849,0.5634057270864734,0.0462857906641624
40.0,0.5,2,50,0.7340589269142491,0.02437515441920658,0.6739342835044082,0.022414699459932613,0.9090459140045851,0.014486005875993328,0.7738779242250607,0.018064286766648466,0.7106214577061923,0.020920243217553067,0.7999135463762295,0.019493626949652336,0.8332936908178044,0.02894702565084854,0.7511901267976381,0.026627945877026445,0.7896356307367072,0.020397776134155516,0.8151305297511685,0.02350677478159085,0.745071247079517,0.01929207578715665,0.9391857270001273,0.016262878373656378,0.5240304104913285,0.037430248522106614,0.6719697576358181,0.03310365853817871,0.809879512696621,0.023787175077421494,0.5996565453236766,0.01607586529558009,0.9813002745122246,0.016992088647157608,0.20291773166921664,0.03061942159756574,0.3353460166751714,0.042362181021711943,0.552581073903341,0.04792110742054259
40.0,0.5,2,100,0.7373576235753163,0.0264409266239822,0.6763740711928679,0.02512002517109128,0.9134091565500586,0.014983798997021808,0.776969489438881,0.01883261057806225,0.7132770561405741,0.02296304252535332,0.8019551269559546,0.01797062125019045,0.8378022153190979,0.02493244038329035,0.7498346765532353,0.028185950029036174,0.7909426205385423,0.020056951142035668,0.8182845355213271,0.020771764055803627,0.7455145927464247,0.018255876301702254,0.9436563700839578,0.013675306167860486,0.5222518581083543,0.037134497973236875,0.6715913480379523,0.03219374062964979,0.811617399791605,0.021705474141261852,0.5972086394228213,0.01573988239884204,0.9823143026103821,0.016482785487014706,0.197777063636348,0.03033098250337106,0.32829212017544573,0.04211804321626264,0.5449335247513394,0.047744705219780366
40.0,0.5,2,200,0.7381627869074755,0.025298084927790433,0.6761980735229437,0.023861213894029884,0.9167239113720568,0.01387436793861879,0.7780958889385992,0.01822249579198482,0.7135457206464627,0.021941883350517364,0.8047601845725489,0.018154375901078556,0.8420743827581678,0.023917050731473776,0.7509621067407777,0.02821473810866248,0.7935231519257016,0.020487719423905437,0.8218483124793796,0.02052935310137909,0.745560827885887,0.019187043680121595,0.9460688997472786,0.014296449395152828,0.5207121326588858,0.037211135756144084,0.6709931126776024,0.03311111257144387,0.8123754378908641,0.023530559237675802,0.5968878430396483,0.015506235131892173,0.9834842738502363,0.016524324129644483,0.19687665742911145,0.02970081690114879,0.3271558099553277,0.04128954817309666,0.5439693162994436,0.046919532020225925
40.0,0.5,4,10,0.7194185595130576,0.023922791031271696,0.6644405744542372,0.022510997095920613,0.8892398339191215,0.013871208425751262,0.7603809195741353,0.017052366544458155,0.6997262862271815,0.020607994856844978,0.7731859356254743,0.020371767926561965,0.7965782483706081,0.027600344548615534,0.7349014272788688,0.026975488394620915,0.7641114737908353,0.02142983021253231,0.7831639808198563,0.02358484922868804,0.7353885529296839,0.02033275139624245,0.9023887596420174,0.019907407342541813,0.5280839105007933,0.04259863484777495,0.6651951309165394,0.03591344522634282,0.7891796413239628,0.024949949105774794,0.6058930395218802,0.017194402699352462,0.97108411573267,0.01591244509898973,0.21810258518600842,0.033807366449943164,0.3550290740341858,0.04511195813257248,0.5713282608445844,0.048002081156183866
40.0,0.5,4,20,0.7258580056398165,0.025290083307465988,0.6685165988973176,0.02320111286063068,0.8985468086603177,0.016951475852809043,0.7664505867860119,0.0185708881708132,0.7044945828523729,0.021550792794841733,0.7891344376902727,0.01966632178544694,0.8208244892810048,0.02584434733816226,0.7406676852426626,0.029320602138919252,0.7782652269594386,0.02180277213373345,0.8031374211026007,0.022301155267752507,0.741758118546355,0.020575204075786818,0.9215096728251673,0.01617700325323186,0.5284661670571021,0.04109237463363098,0.670826821040853,0.03554593269384668,0.8011946641571885,0.024826597991882658,0.6016525016115509,0.016560667661320853,0.976548325396404,0.017994179239493622,0.2080903373505945,0.031994746977993156,0.3420222790298718,0.043672939741768425,0.5587641194186216,0.04823929786331488
40.0,0.5,4,50,0.7326878792834718,0.02771856841450577,0.6727146327220378,0.02584181807465538,0.909658757996812,0.01662512748263669,0.7731859435883397,0.019856237111802254,0.7095581099707029,0.023773779429460157,0.7983063416756093,0.022702824791153205,0.8329710571096287,0.02958083530307389,0.7473334967692868,0.03400977090448552,0.7872884702488079,0.025472739586614643,0.8139246648623235,0.02574033219043297,0.7431407050521901,0.020351196546934534,0.9354349343438791,0.01746517719237274,0.5222031148204254,0.0386997819255859,0.669492036827295,0.034578927132307584,0.8067594557765105,0.025452276667733108,0.5989296468242237,0.017109813675125905,0.9791202188701981,0.017319220066519526,0.20192862124277539,0.03299010274598964,0.3336777380967524,0.04536611666978385,0.5500325023464164,0.050662047933659714
40.0,0.5,4,100,0.7344219604951552,0.02756791994385346,0.6738991617427325,0.025772423371774808,0.9116442433042486,0.015156006967424057,0.7747102256549507,0.019821071863847805,0.710865842635718,0.023750161093687765,0.8001062773908563,0.02074547659022106,0.8357087865973345,0.027434068676000813,0.748105929077451,0.03259435444477118,0.7889570718469584,0.023500333631058207,0.8162111216574166,0.023532167611652933,0.7449109824697796,0.020455399145798223,0.9408077599151093,0.01573352301725991,0.5226081436655592,0.039735866872278515,0.67113052647291,0.03517210064971875,0.8100660747681901,0.024973893614120453,0.5958552370971526,0.01663910347588782,0.9803701955553603,0.01773380348172792,0.19537168873388078,0.032000901976018514,0.3247370879429305,0.044648516360300275,0.5404020028860457,0.05107877074293933
40.0,0.5,4,200,0.735503721715756,0.02630963562858421,0.6741169761779804,0.02450516759817627,0.914694775655855,0.013810760575410854,0.7759807757844442,0.018823882417551795,0.7114430621024873,0.022594411403645744,0.8026488640780803,0.020571537050092042,0.83863380306065,0.02649453010666003,0.7503853844892965,0.03183702733496559,0.7915871270691073,0.023295053658597475,0.8190274382098099,0.023072362213495127,0.7441640596505297,0.019812330360784114,0.9444601436185321,0.014244188606159006,0.5186831521082034,0.03798342646180222,0.668889780387082,0.03412033073021154,0.8104189881344757,0.024480843176945117,0.5946124552097138,0.016432215278024492,0.9824339274470845,0.018654569691454244,0.19236856274532987,0.031071431543606618,0.32074680165142605,0.04368026847660609,0.536431111899007,0.05069693493299193
40.0,0.5,8,10,0.7227123777954352,0.024079063162518743,0.6650945373956529,0.021916600680789395,0.8995243695433347,0.01431109426644993,0.7645857940211366,0.01748386315316245,0.7015884209881849,0.020390220864816802,0.7769498021744308,0.0219531532456299,0.8026499003435721,0.027094293543412,0.7353046924317138,0.030848494432955526,0.767119817382784,0.024194139232387793,0.7879466301851205,0.024381783944044454,0.732613839601981,0.01883045419463671,0.9090041877265602,0.015989915616658062,0.5168960375074383,0.03738784033758112,0.6583035487466711,0.03269673075752788,0.7884394740328453,0.023414224878692956,0.5991700210401315,0.01560840576599941,0.9744944261159525,0.01564639853709315,0.20348794615624494,0.030589790071515095,0.3356805125776149,0.0420479621074247,0.5515705033046604,0.04690609523631197
40.0,0.5,8,20,0.7262546850692793,0.02369762658270766,0.6666520994652816,0.021934828388456246,0.9074863833477916,0.014776004334442778,0.7684652286741286,0.017147872448657522,0.7039309062803984,0.020264250981329397,0.7904806184078981,0.019187194581065405,0.8213701945514471,0.024544358729874916,0.7431586660587814,0.027470532217359143,0.7799681639501618,0.021090774355228846,0.8041992886072326,0.021549046962372583,0.7386508529963296,0.019258695776252208,0.9297473981367164,0.017260486621343548,0.5161848252231657,0.036388781670826945,0.6631668511352002,0.03251403610115066,0.8005963448160722,0.02420277621321757,0.5953194979839566,0.016265406915852706,0.9782522763028622,0.02049683894552626,0.19458774771473417,0.03027234906346962,0.3237107108841774,0.042680405043203334,0.5391844712020334,0.05010587129844797
40.0,0.5,8,50,0.7302402944286805,0.024723550814211286,0.6694136669276151,0.023342329622851918,0.9126770706632478,0.012264294642008695,0.7721303933271584,0.017299564408896677,0.7070040535407307,0.02131829594477285,0.7945849017819919,0.019138230965385986,0.8285793067894272,0.02659966361719144,0.7439724232824361,0.030203695107442884,0.7834903463799674,0.02139702201038455,0.8097923796704734,0.022138310001048767,0.7403323210022681,0.019896529321824234,0.938774116918373,0.016783607088494527,0.514121549489507,0.038333310425910816,0.6636109297051537,0.034314672480590905,0.8047751549733219,0.02489315225813721,0.5944415299231224,0.017233189307932616,0.9824576781814853,0.020750756109133284,0.19193491809946234,0.032158361576627166,0.32010000471743866,0.04532429750636224,0.5356281257766442,0.05299965718985131
40.0,0.5,8,100,0.733119245678418,0.02725246171644302,0.6715096235682092,0.025658852570203658,0.9162221313697223,0.013286141163053477,0.7747516282465997,0.0190409957470958,0.7092797629998442,0.02345463968126615,0.7977592231066102,0.019403830822753543,0.8327374022120864,0.02751997143436783,0.7463002051666798,0.027826848492935534,0.7867089880127823,0.021010970974677575,0.8135713613175118,0.02291204457127997,0.7400089119580995,0.019157401261098224,0.9408002623188461,0.013925010909700835,0.5122305027249443,0.03845257941084316,0.6624824351492691,0.03380322226343801,0.8049696757214676,0.023170856633611108,0.5923227260836402,0.017023714571356312,0.98164858184204,0.022274167903673637,0.1878473420672557,0.03215614079482633,0.3142731730899868,0.04550490541855665,0.5287516823245626,0.05345065565113185
40.0,0.5,8,200,0.7335466661260946,0.026616488760820182,0.6713831480601103,0.02497360825213834,0.9181937645725305,0.012150614342923471,0.7753934660082775,0.0185673797146214,0.7094134266633214,0.022859701557199314,0.7982533685204227,0.020633919029415568,0.8344871396462183,0.02790951930018625,0.7451302426843663,0.030513738454875785,0.7868045005829892,0.022864108626610057,0.8146040357024651,0.02379736348681562,0.7393611796895639,0.0192583420225246,0.9426752497397952,0.014527802082378045,0.5096946690067896,0.03836341283026827,0.660817462432133,0.0340177434519483,0.8048013139380714,0.023630055245112903,0.5911737643452258,0.01626466544905171,0.982882413696298,0.01977395461844325,0.18528787235557526,0.03073570910771473,0.3108063091813783,0.043695599578787984,0.5251260164986947,0.051617944509990965
40.0,1.0,1,10,0.7330242176846786,0.024481954646919626,0.6861052754966858,0.023650182462977135,0.8609350376164944,0.015765436729401828,0.7635006758906356,0.01912456073392147,0.7150768905825611,0.021988928683382952,0.7650493744806282,0.02245132214630269,0.8041165076004482,0.026197792291161065,0.7010504111226892,0.02805145232400212,0.7488721679761154,0.02515698673770928,0.7810150613392155,0.025022547635212,0.7250696299228198,0.018577591047706128,0.8912880654562668,0.017438180689625223,0.5125759763322094,0.03623634284269403,0.6501676640853893,0.032225118706900424,0.7757745840160426,0.02389908775590103,0.6078668206387078,0.012927117977378225,0.9736528199849357,0.011644614180528378,0.22159725495894717,0.024967543012442563,0.3604129220431451,0.03325123933043369,0.5783765961252498,0.03536012591429215
40.0,1.0,1,20,0.7378761915033751,0.023103245084067765,0.6833714058940478,0.021723030983827975,0.888210695711922,0.01569261742947404,0.772305117566446,0.017796818908037852,0.716346144491121,0.02029241395879554,0.7854890311955846,0.022774969785952552,0.8195428448504231,0.025350323525206008,0.7323886066508937,0.030399407191185186,0.7732994760666958,0.025649212051919217,0.8003357519089491,0.024607136373391715,0.7371136674010945,0.020179115021341714,0.9125562279802828,0.017597812629767767,0.5243830463877067,0.03924616612950793,0.6652485620249818,0.034592662090298314,0.7939910550658384,0.025156519325867183,0.6027357967942208,0.013808990121178418,0.9801764758959044,0.015422049610878783,0.20950850619955155,0.026083815357513748,0.3445606071254913,0.035688616064828434,0.562877608505445,0.03978851491730189
40.0,1.0,1,50,0.7398316849660238,0.02519398026586944,0.680838954865788,0.024331038653911126,0.9057167042645308,0.014879495387187778,0.7771117648878728,0.018274929061911357,0.7163003117328282,0.022209318261295023,0.7979671283762749,0.02206437052145297,0.8333850679058411,0.02654046359357617,0.745477197528132,0.03215764418063945,0.7865909765928224,0.024937952372225767,0.8139039794718398,0.024220597787559046,0.7472177756342516,0.021729964374087092,0.9332481067194005,0.01843490082840703,0.532395032637695,0.04108497407148333,0.6771668795623853,0.03645673276710321,0.8101638936685044,0.026677620501835343,0.6032715403505863,0.01541620700897725,0.9832304033153514,0.015458976011536334,0.20988527507374993,0.029237200674125843,0.3450850907758427,0.03991620324144804,0.5637493264323641,0.04427398644353582
40.0,1.0,1,100,0.7381633798442626,0.027336928070447207,0.6781597903290415,0.026161515258163882,0.9097894167446962,0.01565716554937141,0.7768260059149983,0.01981133109904731,0.7144177965038259,0.023963598407030735,0.8036900160163378,0.019123932335283315,0.8398071483304117,0.02459613745347577,0.7513300394571583,0.0302529311020869,0.7926735988830756,0.02174037334800908,0.8201735835759342,0.021290610298557642,0.7487476859782038,0.020888488419933918,0.9407441305319366,0.014010234309424162,0.5307117231683859,0.03961696006050366,0.6778469765846433,0.03540655187191921,0.813976481309451,0.025323092246065916,0.6020493117609466,0.014773902331033813,0.983808579759095,0.015664570125066637,0.20728635627993955,0.027933668640160846,0.34165402941418044,0.03832636324135757,0.560272388000476,0.04285836743121185
40.0,1.0,1,200,0.7436400519625274,0.026697634067498647,0.6820693186603128,0.025474287241170675,0.9156594274225981,0.013914078455557593,0.7815655456153763,0.019356727595233335,0.7186299918081976,0.02339840555537698,0.8072699447487788,0.018843970424106776,0.8435282804375897,0.023934425007514817,0.7551927377142793,0.029547413207051877,0.7965200211458965,0.02138826062520428,0.8239612778710923,0.02086748137163808,0.7505444810129708,0.02198801987048558,0.9446073778852571,0.014850082566663541,0.5320018587732948,0.040985805534324356,0.6798908045673878,0.036865375498020485,0.8168874058702336,0.02679975445452151,0.6016282197787217,0.015445704739962906,0.9835998893141357,0.01597939451750288,0.2064541009302617,0.029310201559898143,0.34042243900830044,0.040229277495115214,0.5587541422662687,0.04503649983787044
40.0,1.0,2,10,0.7260916743809596,0.022505026340333193,0.6729046903103174,0.021988956574307307,0.8822173863579226,0.010614259144036938,0.763305776853717,0.016116156174438755,0.7063402860958756,0.019963801526669454,0.7726076276004308,0.020054696392069363,0.797321826783579,0.02615150281135834,0.7322079723047752,0.031161140731511466,0.7628768883241412,0.022171437088489305,0.7830408058626973,0.022391548815645423,0.7368107607166683,0.02016349408014696,0.8963379801630257,0.021571914170188642,0.5356209995643514,0.039137646150312615,0.669742470258001,0.033571769309679346,0.789084188441181,0.02524569458305494,0.614910625298306,0.01569664332478475,0.9672090788798998,0.014610781276086877,0.23768144611518105,0.030638311937806025,0.3806903467844903,0.04006488161762587,0.597075552244573,0.041677870692326556
40.0,1.0,2,20,0.7343367420265421,0.024549246831273488,0.676970037269979,0.023804988065286834,0.8992304787461254,0.011851340209688936,0.7722145636810215,0.017357159400702114,0.7120681179045366,0.02160523393824375,0.7877415162447422,0.02024589021025084,0.8169737837195934,0.027809768808588344,0.7429012640276433,0.030159099777740336,0.7776631369406328,0.021998644609185665,0.8006404375181806,0.023302332608459125,0.7449030134115997,0.02051454961065838,0.9211574954797092,0.021146384350447092,0.5357251831259193,0.039565565129508234,0.6766150405141086,0.034377966520816754,0.8043592717142184,0.025525453869643215,0.6094931089667115,0.015395785887483436,0.9737772233473405,0.018133289047676155,0.22479314560073305,0.02917620543399595,0.36446152553630595,0.039147922397492096,0.5822678606968992,0.04252045835179058
40.0,1.0,2,50,0.7393071866391592,0.024405819705146648,0.6793326342024315,0.022991880239874488,0.908974049939237,0.015199027394609578,0.7773522681775564,0.017789580212324244,0.7153854348171355,0.021163309718557625,0.7975451667244327,0.019214126013570615,0.8306493179951959,0.023633765975887344,0.7482298274387064,0.0317716466874282,0.78683020697198,0.02220881032903791,0.8124198005394904,0.020816133690213755,0.7489886720064807,0.021940230792230113,0.9354513730488468,0.018891966433507438,0.5346815728373727,0.04046303613178128,0.6796757859837819,0.03628890258710626,0.812643027343035,0.027208737001847026,0.6054884475781692,0.016280963085048904,0.9790686468392196,0.016315332195865305,0.21532835830633096,0.031145740874295044,0.3520593104989913,0.04226824954344637,0.5701639763306205,0.046430966688364786
40.0,1.0,2,100,0.7413465217291486,0.027621098810299873,0.6807369192567936,0.025786523785298686,0.9118542693325236,0.01755766048291433,0.7793007467099526,0.020524967608092366,0.7169760932963591,0.02393823483547246,0.8033505021322733,0.018915639599844606,0.8376322019390479,0.024714535913285183,0.7535039928556051,0.03131503945011832,0.7928438309098566,0.02159661017416186,0.8189811434211217,0.02096522462150196,0.7508516321935195,0.020370533935115,0.9432352265534945,0.015592833009795812,0.5337522857311435,0.03936357890620228,0.6809279619200214,0.034677947327445564,0.8168480896706921,0.024489775781447422,0.6034233091973814,0.01604229581050828,0.9832868944771802,0.017165273905046467,0.21010808071513437,0.02998931708718286,0.3453745395174653,0.0411862819243568,0.564033300071365,0.04627042237422872
40.0,1.0,2,200,0.7424279680264074,0.025998482143991794,0.6811388052987717,0.024615011108202613,0.9143319771246018,0.01614041089765012,0.7804712035716435,0.01908462229217466,0.7176401576469608,0.022675546055318668,0.8051981721891892,0.019498734731667605,0.841755522507688,0.025345761589152402,0.7526358392893545,0.0323267828866296,0.7941818926243943,0.02243113686211148,0.8219084790657476,0.021612870182776286,0.7495723647770138,0.019976554735871146,0.9431995726812852,0.015144268007593185,0.5310603048682432,0.038928006169123675,0.6787258186372801,0.0342978860031795,0.8155629674649918,0.024119092194967516,0.6026773605763617,0.016293381055381344,0.9820658119024388,0.016422621449277985,0.2089314410954824,0.03118364523830055,0.3435810218052194,0.04256350805101895,0.5616671192650623,0.04711845806248499
40.0,1.0,4,10,0.7271525524815209,0.023538016070007977,0.6726273568361013,0.02173417403798983,0.8870484287707482,0.0160129624796886,0.7649465641436393,0.017754153362313202,0.7067210704506728,0.020289286970562315,0.778001912765833,0.01884373899764093,0.8026042274417069,0.023786864296525826,0.7382262161126105,0.029648012857823307,0.7686497917856017,0.021106680615201153,0.7885543294367785,0.020743442990921485,0.742902707278619,0.014882014625415715,0.9098318647255909,0.017791351016009344,0.5396736648032605,0.03344617465370145,0.6767224859721496,0.026435534525442696,0.799257540387395,0.01721854548640005,0.6136109643547085,0.015647663662503267,0.973893001118706,0.020370479009850707,0.23322180199084513,0.029365300526704205,0.37553419860263665,0.03906296305875576,0.5935887122358311,0.042065576218888186
40.0,1.0,4,20,0.7351299957865056,0.02216670393210301,0.6773601307170624,0.02032000648326089,0.8997422023076787,0.016245593294921482,0.7727227482762231,0.01668507937239625,0.7125104743870729,0.018972200910858772,0.7899182106315215,0.01933170194183794,0.8194368140883231,0.02484920710270862,0.7445699591159834,0.029309557343959104,0.779801635252136,0.021499974438776243,0.8029968549996633,0.021618188520782906,0.747030783365448,0.01598866306912967,0.9298138871632291,0.014397941984952563,0.5346372354799083,0.03471212650871771,0.6781457336984679,0.028388837721409366,0.809219557800839,0.017914453713443548,0.6089124355148661,0.01782932332551334,0.9791487524002905,0.01876835122259554,0.22217499939177499,0.033309919448763846,0.3611505751808608,0.04487855829835031,0.5796413781167606,0.049112961152614126
40.0,1.0,4,50,0.739062383433782,0.025498070276470136,0.6790346867322594,0.023706789330087307,0.9090610686147402,0.014260959307270444,0.7772208961157452,0.018844916371204286,0.7151474501489931,0.022049481796763956,0.8007806884736081,0.018581823209699783,0.8353860855267387,0.02468825528848944,0.7500817114283562,0.029977009625664304,0.7899794069732424,0.02107155267311388,0.8164824288659833,0.020960637185545396,0.750396572357153,0.02084332146334066,0.9416048853464527,0.01599443501723393,0.5337658773709102,0.03986690431705018,0.6805277352286494,0.03512119309899916,0.8158999797570846,0.02513456784196982,0.6057533661100729,0.01766714641638438,0.9787665531431363,0.020063859323093677,0.21581804580577058,0.03308792064224072,0.3526272593717685,0.04490664214370447,0.5706071173221955,0.04969466219486667
40.0,1.0,4,100,0.7417736709196964,0.02578024182889061,0.6808132260040749,0.024358572469005718,0.9129115081827243,0.014653991282339561,0.7797675417824478,0.018984041793738568,0.7171894803802381,0.022509500367230883,0.8032413954414824,0.01833259060976602,0.8381269008783505,0.02583734877912552,0.7526500226743995,0.02768169811893283,0.7926565161813424,0.02014137156352123,0.8192045030551522,0.021413803761400237,0.7510607660004609,0.021108493197463073,0.9443751932512277,0.014087227220171425,0.5334143318476209,0.04115500467512019,0.6808934423273786,0.035949042090943795,0.8173167212331792,0.02488719693409291,0.6027890122444729,0.01678084571198994,0.9801893729917561,0.019718073501068557,0.20951674323417105,0.03167987086707548,0.3442572799654428,0.04333928218184669,0.5620220179792819,0.048370754489315805
40.0,1.0,4,200,0.7436014481082959,0.02637836690044912,0.6823205370094871,0.025074342928575456,0.9144989303746549,0.015132654854426877,0.7813050115602471,0.019220935859369747,0.7187088709332534,0.023056073513501946,0.8053475584790559,0.019733873803322623,0.8411973220749731,0.02573290008111103,0.7536612768232214,0.03013251612103488,0.794588618918748,0.022109950698209757,0.8217892318538953,0.022188898458213698,0.7502873844395298,0.019429290491280924,0.9458668891285414,0.015371098292734487,0.5308422699315177,0.036675110044685086,0.6793682657447717,0.03265783780252313,0.8172079935139267,0.023673934888945092,0.6016989915554938,0.016164674711296928,0.9821782878343429,0.018231435330648898,0.20691496231018452,0.03082696215652448,0.3408611274735945,0.042271002547876156,0.5587712765159745,0.04718778573344673
40.0,1.0,8,10,0.7315938371837554,0.020258180701923645,0.6743346297834554,0.019040563745488442,0.8974943561031028,0.012910662326821068,0.769939147156198,0.014861182992486344,0.7095572217809353,0.01755046893314781,0.7830167739396353,0.017116519494259724,0.8119499823751998,0.02356598132895138,0.7375640998652221,0.026571389512864908,0.772581920597694,0.01888391732711544,0.7956252726995614,0.019745850188044107,0.7406520458285679,0.01776827726136698,0.9176728737874662,0.01595273543561418,0.528944470619485,0.037925409233946474,0.670200520832471,0.03165467263625577,0.7990995066438523,0.020838559737279123,0.6090507594183705,0.019546271953395818,0.97785827768309,0.01456337117945936,0.22289828542188647,0.038223460259001356,0.3615763351417992,0.05062890146570954,0.5791285723694656,0.05337197065318694
40.0,1.0,8,20,0.7350901037718172,0.020895327454765855,0.676170168371713,0.020106396169778853,0.9044076373505483,0.014494931451943034,0.7736225905545597,0.015018017274085659,0.7120194215392536,0.018267013874894236,0.793502468912193,0.01853331471011497,0.8249921897725006,0.025321792661691486,0.7460027319667426,0.02771715648752878,0.7831019059647817,0.020332944395968437,0.8075969662167571,0.021362623016562356,0.744001638485702,0.019647811766498102,0.9311469588017932,0.016290501480423963,0.5269017933765555,0.03820968005831744,0.672228803310714,0.033425267917038905,0.806425554382303,0.02384733861629261,0.6043039775469297,0.017884498179589217,0.9797046799566527,0.018557526069595372,0.21267984715898333,0.03392934271293454,0.3483680889760902,0.04617543427535378,0.5660976271846033,0.05109929440869907
40.0,1.0,8,50,0.7367914159243287,0.024092178089555098,0.6766230401842404,0.023068073208571734,0.9097636888641875,0.013384342487918172,0.7758529694730654,0.017196792632325538,0.7130723707692839,0.02104743168207916,0.8015229736198991,0.017947265906991666,0.8372535621588042,0.02338249318729641,0.7494362943628684,0.03165876830060342,0.7903995191021155,0.02099396184324696,0.8177152688064158,0.019744634440322647,0.7455938004495277,0.019553418220184433,0.9423325773146327,0.01547643947775989,0.5232125283767738,0.03894202427760689,0.67199795839469,0.034094667326837864,0.8112369463532157,0.023654452531767598,0.5999388064906656,0.017160025920863103,0.9793256353592735,0.018682018121128734,0.20390172673780732,0.03270652633881555,0.3364471936986262,0.04497718634777657,0.5531978519433667,0.05039755538764794
40.0,1.0,8,100,0.7365138056300167,0.025971232621224097,0.6760971388930941,0.024626734408100315,0.9109521872053215,0.014299073744540721,0.7759272231317469,0.018723396441784546,0.7127450724981466,0.02260512505768682,0.8021983338641479,0.01895682832981948,0.8385675497585293,0.026140294573935824,0.7495733229122324,0.03130081340469192,0.7910363910373965,0.02154057505443224,0.818733810838413,0.021714426525429913,0.7478378872084759,0.01908321485096691,0.9458900548144197,0.013777990258680069,0.5256670333322908,0.037125787491601725,0.6750566833153653,0.03286512498211805,0.8146740192832318,0.023070895802084622,0.6000304157106466,0.01717853684615722,0.9816478162049469,0.01990179863605661,0.2035627846731581,0.032440430170694666,0.33615199104536075,0.044767374788201815,0.5533685683508022,0.05053718167798422
40.0,1.0,8,200,0.7382107090100695,0.02690050244781207,0.6776048452484286,0.025655763554599077,0.9120676814157592,0.015225964336284219,0.7772882214954545,0.019253215235952286,0.7142043223448726,0.02345282134101373,0.8032081601411682,0.01846462500431251,0.8407776726056817,0.02483915243292154,0.7490078199946205,0.03021035406757836,0.791762359215544,0.021043066205306615,0.8203244007591438,0.02089495960817073,0.7477223841032784,0.01998812696182541,0.9473181571554873,0.01588037345440294,0.5245061158316455,0.038064923352997944,0.6744436882610698,0.0340422724432003,0.8149432442567861,0.024651512747001385,0.5995708866664935,0.016688306991861995,0.9827442640084005,0.017102301928874023,0.20243988727341988,0.03176225506138178,0.334696817439506,0.04382437042397343,0.5520146254184729,0.04925249955295648
,0.5,1,10,0.7263993057896323,0.023363615536307017,0.6802516721440333,0.022375349861443933,0.8561561671205972,0.015306372354026185,0.7580025415946118,0.018158044863740244,0.7093336592857125,0.020818312785724387,0.766309649982709,0.014159559101982806,0.8071888901049048,0.023079882409568223,0.7007270572118788,0.016191449246575843,0.7499464220540856,0.013854819885162215,0.7832020551082473,0.018068570249302227,0.7243933770872688,0.014680024926454989,0.8947141657512209,0.018055520188757904,0.5091280076810208,0.033922861667404235,0.648123695388961,0.02740674656048177,0.7760756762392186,0.01750414428967076,0.5993342407019977,0.015097068603754149,0.9677561743774581,0.00921130431747672,0.2054230232178198,0.030326404604381605,0.33790915083532835,0.04068295280978487,0.5527400264487395,0.043286856607740724
,0.5,1,20,0.7316675151453028,0.02380278461167129,0.6774255523538808,0.022365427036613796,0.8866312154112574,0.015480554791588405,0.7678701050891601,0.01781138677467914,0.7108934942302193,0.020726217061117887,0.7836545930055023,0.015984026220133493,0.8215407948626249,0.023935525498172586,0.7256478229736287,0.021099426650354386,0.7703192833574296,0.016734387827024827,0.8001710966673574,0.019492950423525092,0.735888222915432,0.016823422062464143,0.916859474409692,0.01639215962099004,0.5190006552219321,0.03513362547714949,0.6620556361304515,0.029666740578449435,0.7941313407880835,0.02020855325793402,0.5968165873789065,0.014363643872977548,0.9787603395551077,0.018941880266874083,0.19766721712906107,0.026888189984313332,0.3281951989779613,0.03755783376695631,0.5446308597482098,0.04340264737676716
,0.5,1,50,0.7371357449071633,0.024296634954993485,0.6776375414330224,0.02315569691339956,0.9071542056998483,0.013378070744976314,0.7755790061512167,0.01749768459348857,0.7136570045974393,0.02120911136573966,0.796240424239304,0.017908542123095707,0.8318820827661376,0.022748728899638318,0.7431658574971681,0.027298847878277254,0.7846883667399769,0.020198825511931383,0.8122445414949278,0.019946064192714996,0.7418894488558767,0.019989422032017385,0.9333395553872552,0.017327379869479076,0.5209573977440373,0.03918982320374894,0.667851341244613,0.03456460433414198,0.8048242065934035,0.02478084256844034,0.5978060672546589,0.015331696068814443,0.9826846354677261,0.018190956698689132,0.1989033833473969,0.029189482086260855,0.3299664850174726,0.04045227741965451,0.5470450614953034,0.045892951681683426
,0.5,1,100,0.7360925867253951,0.02490506948792523,0.6757493648481618,0.023597295247151758,0.9105032431838526,0.013625288672575125,0.7755453171947577,0.01780021017009186,0.7123860038469636,0.021615842597004033,0.8021309210270028,0.019120358220318327,0.8377906997809903,0.024765823352196823,0.7501545082938235,0.030319021353717397,0.7911133292569368,0.021735379430211532,0.8183497174981404,0.02137681476912629,0.7422391485995409,0.020323762064121204,0.9407921342608263,0.017570871491361936,0.516907903665214,0.038699129720622026,0.6664474564303412,0.03478805180701964,0.8073418807309715,0.025617107916596205,0.594827588271017,0.016197872829233347,0.9822176534232397,0.01948198132179212,0.1928064906712928,0.030435013003305655,0.3214068300804227,0.04297796585307625,0.537238067944233,0.05047783868878726
,0.5,1,200,0.7375068749989793,0.02587555755532763,0.6762265531865618,0.024799376692940054,0.9144873941451962,0.013125112960548226,0.7772743069780133,0.01829398256832985,0.7132829401348095,0.022597365734553943,0.8041864415090583,0.020956417235578752,0.8404244078186718,0.026939674356359203,0.7518181989544657,0.03140613441472166,0.7932027772146749,0.023515105318193532,0.8207486807677083,0.023518276123341265,0.7447817824193315,0.02086077736742021,0.9459491363233414,0.015745068907845897,0.5190439184840525,0.03952793552327672,0.6695158434933248,0.03582330386970182,0.8114144217968186,0.02615617335124144,0.5947064669227131,0.0157522711918962,0.9826265928016467,0.017694478779337112,0.1925174347485789,0.029653729695506073,0.3210656323383293,0.04175797741448004,0.5370097510695222,0.048680955324520915
,0.5,2,10,0.7254808376939621,0.02255440065294786,0.6723127192074073,0.021237299067915102,0.8818103636260561,0.016933969935812806,0.7627601412853401,0.01691405892575039,0.7057602675018588,0.01959074604805763,0.7712381382371144,0.01787184605018524,0.7973500146037213,0.023564708118102903,0.7282175397680943,0.026788860118084706,0.7608501244606053,0.01961214858790225,0.782238742863279,0.02022506063025972,0.734038574626723,0.014960342341223653,0.8977862357563353,0.01842199629885109,0.5287224042407674,0.034619094422745036,0.6646572864636227,0.02744192925517641,0.7868796486252196,0.01769688382588596,0.6089390700254074,0.01679230710306808,0.9646098957999035,0.017566117954926623,0.22592894903058722,0.0328166486311201,0.3650503576661835,0.043475317720949536,0.5805151218481328,0.046168727876837776
,0.5,2,20,0.729173908080144,0.022715164409939405,0.6725326303512562,0.020944196753735562,0.8952365816286818,0.01673231579221638,0.7679057967886734,0.017102148315907173,0.7076649699718441,0.019512401647176898,0.7876936813192991,0.02012309427920175,0.8174986698256351,0.026803593257605715,0.741745193198869,0.02783862040954556,0.7773888541155586,0.02165940401698146,0.8008606659854912,0.02303222565034595,0.7433524529174896,0.020247168943627068,0.9216244044237392,0.019196288125762597,0.532013299794017,0.040314199622594055,0.6737100669207321,0.03465848778054474,0.8028925148542466,0.024743548320033285,0.604040739733531,0.017082201234995372,0.9766265945471467,0.0186257415943299,0.21290352988272315,0.03272380515812715,0.34853087575057684,0.04446723725290463,0.5657490272636545,0.04900686081333388
,0.5,2,50,0.7351356346050357,0.02439539695098604,0.6752729346908305,0.02257353394798488,0.9080963550350928,0.015650248495067527,0.774400084134822,0.018165170788121146,0.7116879954589201,0.021021217466622475,0.7983174494579399,0.018330144807540485,0.8310831422287046,0.026313901038548377,0.7499373614680309,0.026629062030144982,0.787995230361382,0.019674784887603037,0.8131744580116178,0.021625823533073917,0.7441187605085589,0.017430570425974175,0.9377185470201018,0.015503112661391693,0.5230282639219036,0.03487426605138478,0.6708188446568484,0.030285992278914986,0.8085865869431315,0.021230628701411097,0.6006118929339055,0.016008741959226715,0.9821666814600734,0.015999805295834682,0.20468259216104245,0.030518403372661145,0.33782744461798764,0.04209075901156627,0.5554843704763817,0.047374582002946614
,0.5,2,100,0.737335650710309,0.027658808465321816,0.6762231935694822,0.02600623127728322,0.9139359940512758,0.015568706273022832,0.7770684301055406,0.019985050350644726,0.7132107968972743,0.023948413442838316,0.8019938833580229,0.01817218110801911,0.8381520510613816,0.025653323286356902,0.749539121874786,0.02827239091043945,0.7909158861386906,0.0201902229675886,0.8184677267437097,0.021204660699841442,0.7462146571424934,0.018085955133193495,0.944560741291883,0.013328730753583413,0.5231017039345339,0.03584658805422546,0.6726182807191291,0.031455444435611844,0.8126734518939539,0.02177943535653202,0.5979630432475668,0.016596465803523343,0.9824687292104274,0.016699836734690672,0.19922929776812684,0.03182809195956973,0.33022996549400363,0.044167728958370074,0.5469718939169198,0.050097498722955394
,0.5,2,200,0.7388749063490805,0.025911692609841275,0.6769346871286664,0.024522674067577483,0.9168110410356508,0.013417051521777471,0.7786039248713301,0.01854871463763785,0.7142070515018932,0.02250513289738888,0.8045051737249391,0.018192527435297125,0.8423811020659097,0.02337976112225811,0.7499395496268371,0.030146724995854208,0.7930369133571752,0.021022576370144506,0.8217993595671891,0.020135648641006157,0.7451039071377197,0.019205998933403585,0.9460593322080619,0.013984167482695134,0.5198094509102144,0.03817624218806801,0.6701612260857195,0.033630444449984045,0.8118358374470311,0.023277266599149866,0.5979476717832648,0.015984978797639802,0.9841156327854431,0.016472615126851286,0.19889082968427713,0.03057838078124653,0.32993518918548165,0.04232842153551358,0.5471042460765453,0.04776902544529327
,0.5,4,10,0.7200514709054626,0.023717942962651926,0.6651592210032365,0.022285696129574557,0.8888178929908517,0.014024360066784697,0.7606998009615611,0.016934840063077553,0.700312989545833,0.020414480811604088,0.7737133617858118,0.020358647522575442,0.7973208062901259,0.027306147947181766,0.7351123977430037,0.027092492897131056,0.7645760175780648,0.021500566834775116,0.783792232880454,0.02345408788879056,0.735598956690965,0.020445909246531432,0.9033029900032732,0.019269073511223755,0.5278240283223028,0.04242335159053979,0.6652718810265366,0.0359805754550915,0.7896595659968109,0.025080887641394194,0.6053656133615427,0.016404095843115314,0.9713965052847217,0.016150169612107752,0.2169422476332658,0.03209729850575937,0.3536198624637627,0.04304955906266431,0.5700956262864697,0.046217609058627485
,0.5,4,20,0.7261639656816974,0.025572109479874178,0.6688931389397953,0.023428533599430403,0.8983003199818294,0.01693899039578844,0.7666073413832819,0.018767413938685383,0.7047983330064597,0.0217742464948699,0.7898923581985909,0.019754880913344954,0.8218816581196631,0.025462375591829872,0.7410494449975337,0.029559968428655048,0.7789643449275714,0.02201622111742145,0.8040459898058551,0.022199437521083436,0.7414471938603922,0.0203279261232806,0.9215521576446886,0.015584739581245712,0.527717905812573,0.0402567219435752,0.6702857274158556,0.03505921465254408,0.8009303608360266,0.02463755670892384,0.6013727978606476,0.016812652307789687,0.9774449057052056,0.018500090570679327,0.20731762790512986,0.032451954857208684,0.34099436554293766,0.04428936452112054,0.557778867536211,0.04889871747516338
,0.5,4,50,0.7334079618475865,0.027479244190413477,0.6733500429588519,0.02546385116223743,0.9098232122208294,0.016225166461335455,0.7736822855245693,0.019731215974517276,0.7101521302923492,0.023492502827985956,0.7974643815575576,0.023783488439446165,0.8321167454932205,0.030751935779761836,0.7463378544831467,0.033736244686319056,0.7863932100504781,0.026393010342547072,0.8130640918467732,0.02706628659985958,0.7420323063597684,0.019947768670815273,0.9342354298785919,0.017541153024389952,0.5206328560510279,0.03821366457371158,0.667888363825573,0.03404097937338556,0.8052882430741505,0.024938028466807906,0.5982047605028991,0.016401067705601957,0.9789103522589272,0.01690485396899339,0.20053655552354582,0.03177401434260849,0.33181445877962923,0.04378380413801463,0.5480451084387911,0.048951357521122084
,0.5,4,100,0.7343223193713404,0.027464606340604675,0.6735954649787615,0.025798328025735673,0.9125412970113322,0.014275051723011944,0.774826652972287,0.019545035035440726,0.7107012792937898,0.02369004436571452,0.7995744216510727,0.02106655819193081,0.8350008134857616,0.028283518409356844,0.7477629833088584,0.03175978296238902,0.7884709106285614,0.023515377274700947,0.8156042927954654,0.024197290737066873,0.7444532219204423,0.01963186860321928,0.941328717453942,0.015125883654181457,0.5213837323969,0.03905168390980542,0.6702357563760916,0.0341695861966155,0.8097667561729308,0.023675255677221337,0.5960039178147494,0.016431007215904018,0.9810542810254164,0.017816320929462028,0.1955612334574838,0.031676572993636375,0.3250531552224398,0.04411161033870124,0.5409131943393897,0.05026848465576098
,0.5,4,200,0.7347437997213493,0.0262973235930324,0.6733755295128147,0.024230131682258415,0.9145032361574342,0.01493149726503068,0.775428581583421,0.019002766118639977,0.7107631678270407,0.022455164091020892,0.8018662914693474,0.021368499527403287,0.8379097882433442,0.02675944406768965,0.7493329040851403,0.032664968074505724,0.7906870299106175,0.02426356214604614,0.8182299497279075,0.02373029414410337,0.7448141785267504,0.018921264164477036,0.9448853206821555,0.013802782545514867,0.519837555132013,0.03644510235146971,0.6700079103019402,0.03254991402828735,0.8112949314938775,0.023206570543579667,0.594997611858631,0.016301877272574882,0.9827525430628204,0.01879396926575728,0.1930899643288088,0.030797221770524835,0.32179270257738063,0.04328896775691385,0.5377065251553764,0.050253448148224876
,0.5,8,10,0.7227123777954352,0.024079063162518743,0.6650945373956529,0.021916600680789395,0.8995243695433347,0.01431109426644993,0.7645857940211366,0.01748386315316245,0.7015884209881849,0.020390220864816802,0.7769498021744308,0.0219531532456299,0.8026499003435721,0.027094293543412,0.7353046924317138,0.030848494432955526,0.767119817382784,0.024194139232387793,0.7879466301851205,0.024381783944044454,0.732613839601981,0.01883045419463671,0.9090041877265602,0.015989915616658062,0.5168960375074383,0.03738784033758112,0.6583035487466711,0.03269673075752788,0.7884394740328453,0.023414224878692956,0.5991700210401315,0.01560840576599941,0.9744944261159525,0.01564639853709315,0.20348794615624494,0.030589790071515095,0.3356805125776149,0.0420479621074247,0.5515705033046604,0.04690609523631197
,0.5,8,20,0.7262546850692793,0.02369762658270766,0.6666520994652816,0.021934828388456246,0.9074863833477916,0.014776004334442778,0.7684652286741286,0.017147872448657522,0.7039309062803984,0.020264250981329397,0.7904806184078981,0.019187194581065405,0.8213701945514471,0.024544358729874916,0.7431586660587814,0.027470532217359143,0.7799681639501618,0.021090774355228846,0.8041992886072326,0.021549046962372583,0.7386508529963296,0.019258695776252208,0.9297473981367164,0.017260486621343548,0.5161848252231657,0.036388781670826945,0.6631668511352002,0.03251403610115066,0.8005963448160722,0.02420277621321757,0.5953194979839566,0.016265406915852706,0.9782522763028622,0.02049683894552626,0.19458774771473417,0.03027234906346962,0.3237107108841774,0.042680405043203334,0.5391844712020334,0.05010587129844797
,0.5,8,50,0.7302402944286805,0.024723550814211286,0.6693893335694567,0.023353784802068234,0.9127825558953152,0.012191333246165179,0.7721515488837586,0.017287158600067045,0.7069947914306141,0.021322956180749645,0.7947431296300931,0.019173375491367207,0.8290783944059565,0.026466435323853534,0.7436559675862335,0.029997264447138353,0.7835517938215486,0.0214199936010319,0.8101085915709666,0.02213022113839837,0.7401740931541669,0.019724952975365605,0.9389078252873755,0.016857066105855464,0.513699608561237,0.03789172556100644,0.6633110075013551,0.034001010135833974,0.8046676038445548,0.024784094780533755,0.5943887873070887,0.01715676683102671,0.9820171495471242,0.02039397829907225,0.19193491809946234,0.032158361576627166,0.3200671795224711,0.045276813592250775,0.5354964789180346,0.05281315931624791
,0.5,8,100,0.7323176147800591,0.027033015847453858,0.6708373401231922,0.025424423766931468,0.9156900422503392,0.013441454481134927,0.7741176890228159,0.018916860993447703,0.7086177884344073,0.02325248117365242,0.7979209481739956,0.01954376540963627,0.8325561177112357,0.02752415969338396,0.7469424424771761,0.028186754457352935,0.786980624006872,0.021214568693586382,0.813582405772461,0.022975752880840854,0.7398999295067478,0.019153041089385855,0.9407644680438235,0.013870752939865866,0.5120148693017639,0.03838597688451157,0.6622980516692086,0.03376958316468073,0.8048477950969767,0.02317197280150832,0.5923778001791967,0.016903244937862483,0.9812109735256872,0.02201760057930163,0.18806297549043632,0.03204512477131316,0.3145548463901024,0.045306647327141326,0.5289997938669501,0.05311417768512524
,0.5,8,200,0.7334411808940271,0.026663905036514775,0.6712441216459091,0.02495365877639458,0.9183039127636438,0.012227545093703853,0.775343735409936,0.01864301696408008,0.709304220607585,0.022872897705297053,0.7981967950027109,0.020655350013149446,0.8341812155397523,0.02789549106288886,0.7453947878219025,0.030585269112444326,0.7868152536732194,0.022902445220272183,0.8144334159177135,0.023800386655186252,0.7398909373294242,0.019777840631282906,0.9425939624720355,0.014494667443284684,0.5108620009981006,0.03940179859290719,0.6617405866943136,0.03486139501534532,0.8052921970962317,0.024104998707122384,0.5911221874689534,0.01608951024664134,0.9835131628007187,0.020053043594485336,0.18507690189144022,0.030437786723739597,0.3105532227761282,0.043289066290459165,0.5249666503744919,0.05115736914672396
,1.0,1,10,0.7332919185530009,0.02285821612188198,0.6875358674462575,0.023155933771281882,0.8573533090068984,0.01514267707248357,0.7629258643887138,0.017513239746645575,0.7157984963327804,0.021031902792311732,0.7663670791341236,0.021430660225339893,0.8071600492879003,0.026129382392914083,0.7002486786398089,0.02450700777897234,0.7497816011306148,0.023455896896509495,0.7831478505514111,0.02443641330908055,0.728445498124672,0.019067740428984223,0.8937647847466325,0.017723289326155064,0.518277425588727,0.03504323599302392,0.6555479106764057,0.031809391196001346,0.7800412613126634,0.024597506462373922,0.6071584182663157,0.011542760859607449,0.9713721379119382,0.012069790081101334,0.22081119845021116,0.0233632861522428,0.35923496377635533,0.030893462792611032,0.5767074298480723,0.03220466738333447
,1.0,1,20,0.7383004529157047,0.023826831942719923,0.6837783451099864,0.022902905662817215,0.8886666354656849,0.012820821970274164,0.7727282100729121,0.017874920737326962,0.7167583619585003,0.021155562825529998,0.7847028636205978,0.022007961136603405,0.8237071444486718,0.025771744143844515,0.7248932337514079,0.031555778920379834,0.7708147177814926,0.025245068477159724,0.8016065513706693,0.024166632053602734,0.7376936825746533,0.01873917729721367,0.9149387653243508,0.015496527380902408,0.5240359420280336,0.03684751631782339,0.6656826834495039,0.03237833309443174,0.7953628253323766,0.023132850727806423,0.6021960951009561,0.013489449348838611,0.9796561635083485,0.014199913504405127,0.20858739901819065,0.026169438364788532,0.34323262650590525,0.035790143661381606,0.561260105659078,0.03965217957241291
,1.0,1,50,0.7408192608629224,0.026072407911332907,0.6819554012314838,0.025168883188982083,0.9054977684097842,0.01598772673690388,0.7777412104546416,0.019016890980794142,0.7172529828492988,0.022996576961166852,0.7983990640721293,0.02102901489094914,0.8353304599629597,0.02772776605640314,0.7441845207766516,0.028535624139087796,0.786752684061219,0.02298604676637788,0.8150916188254292,0.024177468748266623,0.7462985571125168,0.020819291326330487,0.9336404144007225,0.017012348322111518,0.5301518180884883,0.03958372435415341,0.6755026600512919,0.03529865655465909,0.8094102419608982,0.025706369428410907,0.6036320845104591,0.015041229144638506,0.9832350339803598,0.01595331668870036,0.2106654367138959,0.02866890149573789,0.34616552157570846,0.038947501080768866,0.5649565964236858,0.04278255350633804
,1.0,1,100,0.7413743928667984,0.027047990103604206,0.6807840533152713,0.025679423693664508,0.9119047164269313,0.015951950853216,0.7793410904436001,0.019815079271050716,0.7170195554433862,0.02364131791943331,0.8015425461726473,0.018723628314085923,0.8381093293640728,0.025703139964533838,0.7484021718232042,0.028786743798832,0.7902770649025429,0.02091623587741457,0.81817294288212,0.021604986611980223,0.7474664153670278,0.021181710623492542,0.9392403639109563,0.014685419328609927,0.5289349474550299,0.04025986865764221,0.6759703899881913,0.03613281990716362,0.8121950872004462,0.025998437247947506,0.6016309565983391,0.01591155193331104,0.9833359432069712,0.015856096177348525,0.20650855095195952,0.030205942031037745,0.3404277231148546,0.041363378884921684,0.5586236097301986,0.04608979428333497
,1.0,1,200,0.7439675509691301,0.027463667748762396,0.6823452545737035,0.026003063347230657,0.9159370059144598,0.015844144132895775,0.7818359522547634,0.02010286378133386,0.7189034558871963,0.02397096374502272,0.8057261356053743,0.019613612440333942,0.8428538926078115,0.02510298598754752,0.7523502416506043,0.030738685722825745,0.7945968540297528,0.022325825563772515,0.8227400784629857,0.02185264013721324,0.7507631739812872,0.022335213885660923,0.9448330131155085,0.01423733904209508,0.5323121735238481,0.041858742822249925,0.6801624642482306,0.03765450725137574,0.8171188997464292,0.027130834262317483,0.6015594019420438,0.015143407307730863,0.9837164278885304,0.01567737246393614,0.20631646525690614,0.028812486410074542,0.3402630677837041,0.03948284655925067,0.5586434804632457,0.044010341082361536
,1.0,2,10,0.7258347825461099,0.021193774268178738,0.6725091160868211,0.02078277697737334,0.8825042965341154,0.011558962029527959,0.7631637748972677,0.015252410225611012,0.7060310638526864,0.01883888803129033,0.7722624188912471,0.021464741835306292,0.7950548247009769,0.027826543856230884,0.7347484926115548,0.028723970018442273,0.7633120610530181,0.02280283947087764,0.7819386888694636,0.024237134929489767,0.7353352422825281,0.019319936024639918,0.8957597014201631,0.021385427673166795,0.5327232081145469,0.03677891739871244,0.6673997195679239,0.031930641732957496,0.7875542522883526,0.02447620884786129,0.6155092742539461,0.014602556183202702,0.9682449657343868,0.013482778811330464,0.23871195764952904,0.028716811740230927,0.3821989155549005,0.03716169437307182,0.598980242109647,0.037945341231919706
,1.0,2,20,0.7350373374324037,0.02391899076715271,0.6780241774238951,0.02309711362210451,0.8977671767243661,0.012541306346469905,0.7723704242958284,0.01704315836381775,0.7128225791975888,0.021012677514926876,0.7877189574351986,0.019514567775584284,0.8166803851060191,0.028996437586399828,0.7435439994863613,0.028435185087335706,0.7778489116726706,0.020567425520604646,0.8005427214919688,0.023416248421619806,0.7460138081667487,0.018982357855219803,0.9201943540931442,0.018636046817629696,0.5389050394374604,0.03818364771316484,0.6789007365621991,0.03228793449580013,0.8052165423499777,0.022688933623070978,0.6100747010643682,0.014928377648424328,0.9788843455986982,0.015431278545217416,0.22480978850778985,0.028580800097097563,0.3648508684393825,0.03828013993196983,0.5837707171428617,0.04119278520834798
,1.0,2,50,0.7410332371146462,0.025856469479525752,0.6810494929929802,0.024730193115779623,0.909606776789105,0.013153794539538584,0.7786815875835464,0.01844355401520646,0.7169740200626908,0.022592819782492307,0.7975681863415873,0.01857426255922119,0.8298392766070922,0.02504205397906516,0.7496728950892209,0.030429891849176438,0.7872214396895749,0.020943784871075385,0.8121107723310331,0.020969405727073207,0.7490346767621251,0.020623499157455486,0.9358454498119302,0.018109004367099876,0.5345977758810777,0.03832745926235798,0.6797635462079471,0.03426381434033125,0.8128970842013465,0.025504765432586014,0.6054856159369317,0.015057228308164427,0.9779735940052874,0.015079360484822732,0.21563268699051735,0.028913952703637908,0.35252372626872236,0.0390376625891286,0.5706560646323596,0.042463511244936324
,1.0,2,100,0.74232166917813,0.02738917239752327,0.6814165222958346,0.025858991482070146,0.9132080501493354,0.01662901797367948,0.7802213959434112,0.020021698349900377,0.7177372834756539,0.023825076909436745,0.8030096078626405,0.019679901793473148,0.8375994514339192,0.025534335153981604,0.7526895681899873,0.031507702954680736,0.7923893205212783,0.022332574051542542,0.8187727119332286,0.02193192334536322,0.7509750904480745,0.021418981707185078,0.9446015129706116,0.01643211642454131,0.5330355405054433,0.04016782361746574,0.6807219438318596,0.03599804522342772,0.8173557531833122,0.0262271910576234,0.6043375072285924,0.015540913038340601,0.9817716678074506,0.016084792503758664,0.2123508205705774,0.029303716705016664,0.3483473381960873,0.04002202103474865,0.5669743186396954,0.04450290710756961
,1.0,2,200,0.7419181837234006,0.02588425477305874,0.6805399555929122,0.024398894321113924,0.91456560156207,0.01580503663839763,0.7801727566138905,0.01900344122858131,0.7171419574648186,0.022519417019269173,0.8053172523326877,0.02032259403823999,0.8424234984852639,0.026395880577458276,0.7521391404981552,0.03384054085444958,0.7941517021055938,0.023438698839627632,0.8222632624191204,0.022525299103143565,0.7500123588120677,0.01975854209491658,0.944937050258293,0.015720617302483513,0.5308844828546804,0.03804801705471078,0.6790802078112537,0.033692404614248134,0.8165765537266825,0.024110830939052162,0.6029867252269046,0.016950297432049056,0.980754890219561,0.01735459953491603,0.20980382183679053,0.03229307673071589,0.3446303739573494,0.044068068267741754,0.5624502572577443,0.048880833284751984
,1.0,4,10,0.7261419557637423,0.021807798121667672,0.6710959357969957,0.019585242336602787,0.8885060638807163,0.016754907720485972,0.7645244479049447,0.016775854070481246,0.7055667985326194,0.018515391474769317,0.7795295715103105,0.020591552495785592,0.8053315882374841,0.02580155356674445,0.7382059172348931,0.03064437599223856,0.7698765690162838,0.022761667461728596,0.7906464043603425,0.02271319501500707,0.7423070554003346,0.017170020779343105,0.9088981772523741,0.016961005418294723,0.5388837443215536,0.03709976255638003,0.6757564753242951,0.030166620473832645,0.7982374123286597,0.019857884075909393,0.6135168906008431,0.015421705478826842,0.974138931847417,0.01759123741809536,0.23295782649091334,0.02895830192071661,0.37523647308790287,0.038450970660969426,0.5933910989734835,0.041196414672361424
,1.0,4,20,0.7345889153023821,0.023737616403533262,0.6768432263296343,0.021028977015022012,0.8994666673708114,0.01901137838759247,0.7722954019355466,0.01843234421433463,0.7120236551615753,0.020023113065923363,0.7907599771695076,0.019593139092937736,0.8199992842711499,0.0246773925029978,0.7459275827498664,0.030746004605008863,0.7807686443148019,0.022068610929244104,0.8037212540041961,0.021588239787549972,0.7467918076606257,0.016034464877789197,0.929326151102346,0.015305547736232298,0.5343523259615206,0.032946010961105325,0.6779061613771361,0.02761319473131559,0.8089273076704195,0.018787904234975367,0.6092735225707381,0.018954644149824475,0.97880653822819,0.02023463687109574,0.22289087809714347,0.03510272797207584,0.361994155123702,0.04739130311101999,0.5803108142732999,0.05221446353192727
,1.0,4,50,0.7391470203426549,0.026226776688533956,0.6793995840234373,0.02429161497528335,0.9080926955305217,0.01607430412941218,0.7770924681379783,0.01957537931231685,0.7153446908520996,0.022652263209832317,0.8004922528614931,0.020809810963644162,0.8342362023053802,0.026059052347688624,0.7507641183270289,0.03061613390321389,0.7898998399480803,0.023253659598581056,0.8158054783646783,0.02312956813764709,0.7499313157520142,0.02137050512472944,0.9415738151796825,0.015648379930833622,0.5327873528607115,0.04119556719396325,0.6796606937740169,0.03618943183768544,0.8153514046857524,0.025595023955485612,0.6057615097004908,0.01713279798940234,0.9814372170169718,0.018464830597493435,0.21526166137938568,0.03209938930151005,0.3521067859257606,0.0435781864903835,0.5706846104572275,0.04812273260565596
,1.0,4,100,0.7419116398287458,0.02515510875218555,0.6809522694091253,0.02394308776477818,0.9129024799240135,0.014096699128036832,0.7798531256432508,0.018400257274427245,0.7173106754177969,0.022035946950750382,0.8025868745691905,0.019050269969981885,0.8377661204720791,0.025601621505216814,0.7514062277117836,0.028380246793782614,0.7918229493605582,0.02103865197778403,0.8186460919048251,0.02174505206047174,0.7510858407247177,0.0209379386188278,0.9439223123039456,0.013342351154955412,0.5337314615682519,0.04075355028403827,0.6810632016993443,0.03560962870703976,0.8172281355611529,0.024622113128153954,0.6035029493519947,0.016946976499657696,0.9802754793182279,0.019810581592009806,0.2109346888344427,0.0318935838252412,0.34618217260166745,0.04362914143617149,0.5640985845790019,0.04873162093049623
,1.0,4,200,0.7439216050108224,0.026623976676724385,0.6825883811482594,0.025355400144230333,0.9147640451497953,0.014561480156099467,0.7815785139614018,0.019368036902771446,0.7189798366889614,0.023306659597580104,0.8056331868108352,0.01893249533932322,0.8410113683932317,0.025279304463907967,0.7546066064889037,0.028073284730037246,0.7950704223963561,0.02089770743158407,0.8219003252896387,0.0215696276091902,0.7499643562619522,0.020087187125867684,0.944671317797307,0.015149278273114207,0.530891727842506,0.038214518696988255,0.6790403809908523,0.03396743164506117,0.8164480958199816,0.024391641650580623,0.6020422345883968,0.016408633972664954,0.9813578915798253,0.017782624144464108,0.2077493815928726,0.031078153870527668,0.3419533826644805,0.042633736880752414,0.5598038160086773,0.04770391864769284
,1.0,8,10,0.7314533250059673,0.019279234726305727,0.674233681159431,0.01844057932152165,0.8973396143422889,0.011448123611958292,0.7698152051524351,0.013853656540321356,0.7094478529617105,0.016825234914045858,0.7833000179516167,0.017807737826974913,0.8123004729011125,0.023740702127436585,0.7377575270662394,0.027883439974676086,0.7728341724257515,0.019866100128745835,0.7959304465317946,0.02022016700429914,0.7402556389766473,0.0177374553816109,0.9178383351908268,0.01590454682655133,0.5279946954984246,0.03835693307481262,0.6694423149261298,0.031838730709365784,0.7987220150225397,0.020645280395186698,0.6087032642808052,0.019815856614574377,0.9772718614056346,0.015583423213685558,0.2223113448496194,0.038672330927781016,0.3607259704071332,0.051275537300306206,0.5780704762907514,0.054173908624826
,1.0,8,20,0.7343335834445786,0.02082354797465773,0.6753104397304847,0.02000145694530378,0.9047394482624945,0.013840447600278178,0.7731885956116662,0.014923911650764145,0.7113015001864784,0.01818634197698553,0.7940711923970765,0.01809818162594052,0.8255059908235651,0.024790457263884423,0.7467313103495158,0.02754097002179097,0.7837321117839537,0.019908592989676278,0.8081594523416152,0.020820692122679074,0.7438910243120429,0.020172896231692168,0.9324751719851783,0.015683709720400944,0.525890629001551,0.04087810667819191,0.671571671367699,0.03519323083051796,0.8065407880197766,0.023925027799584636,0.6037467941806274,0.01768253822948525,0.9791369055784573,0.019571791057378257,0.21167353012924206,0.0334469433342844,0.34700469180873067,0.04564325632434648,0.5645742359303483,0.050744169625915526
,1.0,8,50,0.7368770924537486,0.024196261518209694,0.6766807789109014,0.023137936050516904,0.9098740700465735,0.01323652855079613,0.7759330707641854,0.01727474602134539,0.7131382240190726,0.021125918800756528,0.8010693046250479,0.018503577499656365,0.8363921409187556,0.023614389804200154,0.7493879920632077,0.03148828937311334,0.7900187060420307,0.021496112191406687,0.8170679292475528,0.02031658734774395,0.7466869810088809,0.020353123278560713,0.9438891798144216,0.016456422045912442,0.5244940041534554,0.03939560259755786,0.6734765660382199,0.034969474282594115,0.8128048532714658,0.024999534427363836,0.6000378963502592,0.017495777962274844,0.9787341770236673,0.01988963218926745,0.2042079561598577,0.03322448806686515,0.3368067272794764,0.04568039368854757,0.5534383291093457,0.0512513823600103
,1.0,8,100,0.7370186693210374,0.025731686002392663,0.6765006110715271,0.024490898114783756,0.9113557335781672,0.01410111116733772,0.7763368074683175,0.018482720945482388,0.7131519714071362,0.022432857892795137,0.8016732193239747,0.018753019421196417,0.8382265666734827,0.026303397565565937,0.7487593562362225,0.03075616816556976,0.7904319153323426,0.021197484746499927,0.8182799027819142,0.021682657465639316,0.7475207530936485,0.02039625329800315,0.9454953715868516,0.013778658117476712,0.5251908599255625,0.03963761393952091,0.6744731466424785,0.03523652457945786,0.8141043725969268,0.024721903859354976,0.6001432977574399,0.01785477572037947,0.9813275724631575,0.019914695101434614,0.2038374604811001,0.033783581532475765,0.33641978079449386,0.04657851391436408,0.553444971415232,0.0524863719595167
,1.0,8,200,0.7388486809869989,0.02664043794018472,0.6780535077540535,0.025463464025836505,0.9127706561030168,0.014567391001456608,0.777843782691674,0.018998744767467636,0.7146917736095674,0.023251091631163807,0.8029716886597604,0.018932666009758754,0.8403006239297806,0.025008719797071095,0.7489957929499726,0.030356578789388855,0.7915612225773124,0.02155697691947432,0.819970485358968,0.021333772041916093,0.7473775247867005,0.019747414327875027,0.9461911711866445,0.016645923863882105,0.5244758948820495,0.037187090638358865,0.6741745941405634,0.033388671871414755,0.81431044491036,0.02457245820782653,0.5993488097614567,0.017129247086578522,0.9815234086792733,0.018416059625250166,0.20220047318921272,0.032421436346650276,0.3342686288130204,0.04481163742009682,0.551264784813166,0.05063441682830474
